Workbook

Sheet README
A1: FRC Peachtree District (PCH) — 2027 Competitive Outlook
A2: Rebuilt for the 2027 season from the 2025-based 2026 outlook, updated with official 2026 results. Built Sept 23, 2026.
A4: WHAT CHANGED FOR 2027
A5: • Columbus (GACOL) is not on the 2027 schedule. A new PCH District Douglasville Event (GADOU) takes Week 5.
A6: • Weeks reshuffled: Dalton W1, Gainesville W2 (was W5), Gwinnett W3 (was W2), Albany W4, Douglasville W5, DCMP at Mercer W6 (Apr 7–9).
A7: • Posted capacities total 149 team-slots (30/30/30/29/30). 74 active PCH teams × 2 events = 148, so every event is forecast to run essentially full.
A9: SHEETS
A10: Recommendation — the final Round 1 and Round 2 preference lists for 3329, the outcome of each lottery result, and the bottom line. Numbers link live to the planner.
A11: Assumptions — every weight and coefficient the formulas use (yellow cells are levers you can change), followed from row 37 by a numbered, plain-language list of every assumption behind the predictions: what it is, what it rests on, and what happens if it is wrong.
A12: Events 2027 — forecast attendance and competitive density per event, with the 2026 actual density alongside.
A13: Forecast 2027 — predicted two events for all 74 teams. Event codes in blue are editable: change one and every density/planner figure recalculates.
A14: Fields 2027 — team-by-event matrix of predicted fields, shaded by strength (red ≥ 70, orange 45–70, yellow below 45).
... A41: Original workbook: FRC_2026_Competitive_Outlook.xls (2022–2025 venue history, 2026 predictions, drive-time data).

Sheet Recommendation
A1: 3329 Wildbots: final 2027 event-selection recommendation
A2: Goal: the most district points toward DCMP qualification, with at least 7 clear days to rebuild before the second event and before the District Championship in Macon. Assumptions behind every number: Assumptions sheet, rows 37 onward.
A4: Round 1 preference list (enter Sep 24 – Oct 1, 2026, noon ET)
A5: Rank | B5: Event | C5: Week and dates | D5: Why
A6: 1 | B6: Albany (GAALB) | C6: Week 4, Mar 25–27 | D6: In both of the best plans; smallest capacity (29, forecast 28), so the scarcest slot; shortest drive from Kingsland (3.1 h).
A7: 2 | B7: Dalton (GADAL) | C7: Week 1, Mar 4–6 | D7: Pairs with Albany (18 days apart) or Gwinnett (12 days apart), so a rule-passing Round 2 option remains even if Albany is lost.
A8: 3 | B8: Gainesville (GAGAI) | C8: Week 2, Mar 11–13 | D8: In the best pair, but its only rule-passing partner is Albany.
A9: 4 | B9: Gwinnett (GAGWI) | C9: Week 3, Mar 19–21 | D9: Keeps the team placed rather than waitlisted.
A10: Do not list | B10: Douglasville (GADOU) | C10: Week 5, Apr 1–3 | D10: Ends Apr 3, four days before DCMP: breaks the Macon rule.
A12: Round 2 preference list (enter Oct 15 – 22, 2026, noon ET), ranked by where Round 1 places us
A13: Round 1 placement | B13: Round 2 rank | C13: Event | D13: Expected pre-DCMP points | E13: Chance of making cut | F13: Days between events | G13: Days before DCMP | H13: Note
A14: Albany | B14: 1 | C14: Gainesville | D14: =INDEX('Planner 3329'!$H$22:$H$31,MATCH("GAGAI+GAALB",'Planner 3329'!$Q$22:$Q$31,0)) -> 66.168097 | E14: =INDEX('Planner 3329'!$O$22:$O$31,MATCH("GAGAI+GAALB",'Planner 3329'!$Q$22:$Q$31,0)) -> 0.85101301 | F14: 11 | G14: 10 | H14: Target outcome
A15: Albany | B15: 2 | C15: Dalton | D15: =INDEX('Planner 3329'!$H$22:$H$31,MATCH("GADAL+GAALB",'Planner 3329'!$Q$22:$Q$31,0)) -> 64.464849 | E15: =INDEX('Planner 3329'!$O$22:$O$31,MATCH("GADAL+GAALB",'Planner 3329'!$Q$22:$Q$31,0)) -> 0.82411068 | F15: 18 | G15: 10 | H15: Passes both rules
A16: Albany | B16: 3 | C16: Gwinnett | D16: =INDEX('Planner 3329'!$H$22:$H$31,MATCH("GAGWI+GAALB",'Planner 3329'!$Q$22:$Q$31,0)) -> 64.464849 | E16: =INDEX('Planner 3329'!$O$22:$O$31,MATCH("GAGWI+GAALB",'Planner 3329'!$Q$22:$Q$31,0)) -> 0.82411068 | F16: 3 | G16: 10 | H16: Last resort: breaks rebuild rule
A17: Albany | B17: Do not list | C17: Douglasville | D17: =INDEX('Planner 3329'!$H$22:$H$31,MATCH("GAALB+GADOU",'Planner 3329'!$Q$22:$Q$31,0)) -> 72.401829 | E17: =INDEX('Planner 3329'!$O$22:$O$31,MATCH("GAALB+GADOU",'Planner 3329'!$Q$22:$Q$31,0)) -> 0.92535891 | F17: 4 | G17: 3 | H17: Breaks both rules
A18: Dalton | B18: 1 | C18: Albany | D18: =INDEX('Planner 3329'!$H$22:$H$31,MATCH("GADAL+GAALB",'Planner 3329'!$Q$22:$Q$31,0)) -> 64.464849 | E18: =INDEX('Planner 3329'!$O$22:$O$31,MATCH("GADAL+GAALB",'Planner 3329'!$Q$22:$Q$31,0)) -> 0.82411068 | F18: 18 | G18: 10 | H18: Passes both rules
A19: Dalton | B19: 2 | C19: Gwinnett | D19: =INDEX('Planner 3329'!$H$22:$H$31,MATCH("GADAL+GAGWI",'Planner 3329'!$Q$22:$Q$31,0)) -> 60.895905 | E19: =INDEX('Planner 3329'!$O$22:$O$31,MATCH("GADAL+GAGWI",'Planner 3329'!$Q$22:$Q$31,0)) -> 0.75847373 | F19: 12 | G19: 16 | H19: Passes both rules
A20: Dalton | B20: 3 | C20: Gainesville | D20: =INDEX('Planner 3329'!$H$22:$H$31,MATCH("GADAL+GAGAI",'Planner 3329'!$Q$22:$Q$31,0)) -> 62.599152 | E20: =INDEX('Planner 3329'!$O$22:$O$31,MATCH("GADAL+GAGAI",'Planner 3329'!$Q$22:$Q$31,0)) -> 0.79132993 | F20: 4 | G20: 16 | H20: Breaks rebuild rule
A21: Dalton | B21: 4 | C21: Douglasville | D21: =INDEX('Planner 3329'!$H$22:$H$31,MATCH("GADAL+GADOU",'Planner 3329'!$Q$22:$Q$31,0)) -> 68.832884 | E21: =INDEX('Planner 3329'!$O$22:$O$31,MATCH("GADAL+GADOU",'Planner 3329'!$Q$22:$Q$31,0)) -> 0.8873066 | F21: 25 | G21: 3 | H21: Breaks Macon rule
A22: Gainesville | B22: 1 | C22: Albany | D22: =INDEX('Planner 3329'!$H$22:$H$31,MATCH("GAGAI+GAALB",'Planner 3329'!$Q$22:$Q$31,0)) -> 66.168097 | E22: =INDEX('Planner 3329'!$O$22:$O$31,MATCH("GAGAI+GAALB",'Planner 3329'!$Q$22:$Q$31,0)) -> 0.85101301 | F22: 11 | G22: 10 | H22: Target outcome
A23: Gainesville | B23: 2 | C23: Dalton | D23: =INDEX('Planner 3329'!$H$22:$H$31,MATCH("GADAL+GAGAI",'Planner 3329'!$Q$22:$Q$31,0)) -> 62.599152 | E23: =INDEX('Planner 3329'!$O$22:$O$31,MATCH("GADAL+GAGAI",'Planner 3329'!$Q$22:$Q$31,0)) -> 0.79132993 | F23: 4 | G23: 16 | H23: Breaks rebuild rule
A24: Gainesville | B24: 3 | C24: Gwinnett | D24: =INDEX('Planner 3329'!$H$22:$H$31,MATCH("GAGAI+GAGWI",'Planner 3329'!$Q$22:$Q$31,0)) -> 62.599152 | E24: =INDEX('Planner 3329'!$O$22:$O$31,MATCH("GAGAI+GAGWI",'Planner 3329'!$Q$22:$Q$31,0)) -> 0.79132993 | F24: 5 | G24: 16 | H24: Breaks rebuild rule
A25: Gainesville | B25: 4 | C25: Douglasville | D25: =INDEX('Planner 3329'!$H$22:$H$31,MATCH("GAGAI+GADOU",'Planner 3329'!$Q$22:$Q$31,0)) -> 70.536132 | E25: =INDEX('Planner 3329'!$O$22:$O$31,MATCH("GAGAI+GADOU",'Planner 3329'!$Q$22:$Q$31,0)) -> 0.90691113 | F25: 18 | G25: 3 | H25: Breaks Macon rule
A27: Outcome by lottery result
A28: Round 1 / Round 2 result | B28: Events | C28: Expected pre-DCMP points | D28: Chance of making cut | E28: Bad-luck total (1 in 10)
A29: ='Planner 3329'!A39 -> First choice / first choice | B29: ='Planner 3329'!B39 -> Albany + Gainesville | C29: ='Planner 3329'!C39 -> 66.168097 | D29: ='Planner 3329'!D39 -> 0.85101301 | E29: ='Planner 3329'!E39 -> 46.634628
A30: ='Planner 3329'!A40 -> First choice / second choice | B30: ='Planner 3329'!B40 -> Albany + Dalton | C30: ='Planner 3329'!C40 -> 64.464849 | D30: ='Planner 3329'!D40 -> 0.82411068 | E30: ='Planner 3329'!E40 -> 44.93138
A31: ='Planner 3329'!A41 -> Second choice / first choice | B31: ='Planner 3329'!B41 -> Dalton + Albany | C31: ='Planner 3329'!C41 -> 64.464849 | D31: ='Planner 3329'!D41 -> 0.82411068 | E31: ='Planner 3329'!E41 -> 44.93138
A32: ='Planner 3329'!A42 -> Second choice / second choice | B32: ='Planner 3329'!B42 -> Dalton + Gwinnett | C32: ='Planner 3329'!C42 -> 60.895905 | D32: ='Planner 3329'!D42 -> 0.75847373 | E32: ='Planner 3329'!E42 -> 41.362435
A34: Bottom line
A35: Target: Gainesville (W2) + Albany (W4), about 66 expected points, 11 days between events, 10 days before Macon, 16.6 h round-trip driving.
A36: Every recommended outcome clears the ~50-point cut on expected points; the worst rule-passing outcome, Dalton + Gwinnett (second choice in both rounds), still has roughly a three-in-four chance.
A37: Enter a full ranked list in each round so the team is placed rather than waitlisted; every event is forecast near capacity.
A38: Confirm with GeorgiaFIRST whether PCH uses a home-event system before submitting.
A40: Points and chances link live to Planner 3329 and are valid while the focus team on Assumptions (B20) is 3329. Days between events and before DCMP are calendar facts from the 2027 schedule.

Sheet Planner 3329
A1: Event planner — maximize district points to qualify for DCMP
A3: Focus team | B3: =Assumptions!B20 -> 3329
A4: Name | B4: =INDEX(Strength!$B$2:$B$76,MATCH(B3,Strength!$A$2:$A$76,0)) -> Wildbots
A5: Home city | B5: =INDEX(Strength!$C$2:$C$76,MATCH(B3,Strength!$A$2:$A$76,0)) -> Kingsland
A6: 2026 blended strength | B6: =INDEX(Strength!$U$2:$U$76,MATCH(B3,Strength!$A$2:$A$76,0)) -> 39.720696
A7: 2026 strength rank (of 74) | B7: =INDEX(Strength!$V$2:$V$76,MATCH(B3,Strength!$A$2:$A$76,0)) -> 26
A8: 2026 pre-DCMP points | B8: =INDEX(Strength!$G$2:$G$76,MATCH(B3,Strength!$A$2:$A$76,0))+INDEX(Strength!$I$2:$I$76,MATCH(B3,Strength!$A$2:$A$76,0))+INDEX(Strength!$J$2:$J$76,MATCH(B3,Strength!$A$2:$A$76,0)) -> 64
A9: Forecast 2027 events | B9: =IF(ISERROR(INDEX('Forecast 2027'!$F$2:$F$76,MATCH(B3,'Forecast 2027'!$A$2:$A$76,0))&" + "&INDEX('Forecast 2027'!$G$2:$G$76,MATCH(B3,'Forecast 2027'!$A$2:$A$76,0))),"",INDEX('Forecast 2027'!$F$2:$F$76,MATCH(B3,'Forecast 2027'!$A$2:$A$76,0))&" + "&INDEX('Forecast 2027'!$G$2:$G$76,MATCH(B3,'Forecast 2027'!$A$2:$A$76,0))) -> GADAL + GAALB
A10: DCMP cut / safe target | B10: =Assumptions!B13&" / "&Assumptions!B14 -> 50 / 60
A12: Per-event outlook
A13: Code | B13: City | C13: Week | D13: Drive (h, one way) | E13: Forecast field size | F13: Stronger teams forecast (k) | G13: Expected district pts | H13: Top-10 teams there
A14: GADAL | B14: Dalton | C14: 1 | D14: =IF(ISERROR(INDEX('Drive Times'!$D$12:$I$51,MATCH($B$5,'Drive Times'!$A$12:$A$51,0),MATCH(A14,'Drive Times'!$D$11:$I$11,0))),"",INDEX('Drive Times'!$D$12:$I$51,MATCH($B$5,'Drive Times'!$A$12:$A$51,0),MATCH(A14,'Drive Times'!$D$11:$I$11,0))) -> 6.3482046 | E14: =INDEX('Events 2027'!$G$5:$G$9,MATCH(A14,'Events 2027'!$A$5:$A$9,0)) -> 30 | F14: =SUMPRODUCT(('Forecast 2027'!$F$2:$F$75=A14)*('Forecast 2027'!$D$2:$D$75>$B$6))+SUMPRODUCT(('Forecast 2027'!$G$2:$G$75=A14)*('Forecast 2027'!$D$2:$D$75>$B$6)) -> 11 | G14: =MAX(0,Assumptions!$B$9+Assumptions!$B$10*LN(1+F14)) -> 30.447952 | H14: =INDEX('Events 2027'!$I$5:$I$9,MATCH(A14,'Events 2027'!$A$5:$A$9,0)) -> 5
A15: GAGAI | B15: Gainesville | C15: 2 | D15: =IF(ISERROR(INDEX('Drive Times'!$D$12:$I$51,MATCH($B$5,'Drive Times'!$A$12:$A$51,0),MATCH(A15,'Drive Times'!$D$11:$I$11,0))),"",INDEX('Drive Times'!$D$12:$I$51,MATCH($B$5,'Drive Times'!$A$12:$A$51,0),MATCH(A15,'Drive Times'!$D$11:$I$11,0))) -> 5.2085707 | E15: =INDEX('Events 2027'!$G$5:$G$9,MATCH(A15,'Events 2027'!$A$5:$A$9,0)) -> 30 | F15: =SUMPRODUCT(('Forecast 2027'!$F$2:$F$75=A15)*('Forecast 2027'!$D$2:$D$75>$B$6))+SUMPRODUCT(('Forecast 2027'!$G$2:$G$75=A15)*('Forecast 2027'!$D$2:$D$75>$B$6)) -> 10 | G15: =MAX(0,Assumptions!$B$9+Assumptions!$B$10*LN(1+F15)) -> 32.1512 | H15: =INDEX('Events 2027'!$I$5:$I$9,MATCH(A15,'Events 2027'!$A$5:$A$9,0)) -> 3
A16: GAGWI | B16: Lawrenceville | C16: 3 | D16: =IF(ISERROR(INDEX('Drive Times'!$D$12:$I$51,MATCH($B$5,'Drive Times'!$A$12:$A$51,0),MATCH(A16,'Drive Times'!$D$11:$I$11,0))),"",INDEX('Drive Times'!$D$12:$I$51,MATCH($B$5,'Drive Times'!$A$12:$A$51,0),MATCH(A16,'Drive Times'!$D$11:$I$11,0))) -> 4.9192408 | E16: =INDEX('Events 2027'!$G$5:$G$9,MATCH(A16,'Events 2027'!$A$5:$A$9,0)) -> 30 | F16: =SUMPRODUCT(('Forecast 2027'!$F$2:$F$75=A16)*('Forecast 2027'!$D$2:$D$75>$B$6))+SUMPRODUCT(('Forecast 2027'!$G$2:$G$75=A16)*('Forecast 2027'!$D$2:$D$75>$B$6)) -> 11 | G16: =MAX(0,Assumptions!$B$9+Assumptions!$B$10*LN(1+F16)) -> 30.447952 | H16: =INDEX('Events 2027'!$I$5:$I$9,MATCH(A16,'Events 2027'!$A$5:$A$9,0)) -> 4
A17: GAALB | B17: Albany | C17: 4 | D17: =IF(ISERROR(INDEX('Drive Times'!$D$12:$I$51,MATCH($B$5,'Drive Times'!$A$12:$A$51,0),MATCH(A17,'Drive Times'!$D$11:$I$11,0))),"",INDEX('Drive Times'!$D$12:$I$51,MATCH($B$5,'Drive Times'!$A$12:$A$51,0),MATCH(A17,'Drive Times'!$D$11:$I$11,0))) -> 3.0748738 | E17: =INDEX('Events 2027'!$G$5:$G$9,MATCH(A17,'Events 2027'!$A$5:$A$9,0)) -> 28 | F17: =SUMPRODUCT(('Forecast 2027'!$F$2:$F$75=A17)*('Forecast 2027'!$D$2:$D$75>$B$6))+SUMPRODUCT(('Forecast 2027'!$G$2:$G$75=A17)*('Forecast 2027'!$D$2:$D$75>$B$6)) -> 9 | G17: =MAX(0,Assumptions!$B$9+Assumptions!$B$10*LN(1+F17)) -> 34.016897 | H17: =INDEX('Events 2027'!$I$5:$I$9,MATCH(A17,'Events 2027'!$A$5:$A$9,0)) -> 5
A18: GADOU | B18: Douglasville | C18: 5 | D18: =IF(ISERROR(INDEX('Drive Times'!$D$12:$I$51,MATCH($B$5,'Drive Times'!$A$12:$A$51,0),MATCH(A18,'Drive Times'!$D$11:$I$11,0))),"",INDEX('Drive Times'!$D$12:$I$51,MATCH($B$5,'Drive Times'!$A$12:$A$51,0),MATCH(A18,'Drive Times'!$D$11:$I$11,0))) -> 5.194994 | E18: =INDEX('Events 2027'!$G$5:$G$9,MATCH(A18,'Events 2027'!$A$5:$A$9,0)) -> 30 | F18: =SUMPRODUCT(('Forecast 2027'!$F$2:$F$75=A18)*('Forecast 2027'!$D$2:$D$75>$B$6))+SUMPRODUCT(('Forecast 2027'!$G$2:$G$75=A18)*('Forecast 2027'!$D$2:$D$75>$B$6)) -> 7 | G18: =MAX(0,Assumptions!$B$9+Assumptions!$B$10*LN(1+F18)) -> 38.384932 | H18: =INDEX('Events 2027'!$I$5:$I$9,MATCH(A18,'Events 2027'!$A$5:$A$9,0)) -> 3
A20: All two-event combinations
A21: Event 1 | B21: Event 2 | C21: Week 1 | D21: Week 2 | E21: Gap (wks) | F21: Pts event 1 | G21: Pts event 2 | H21: Expected pre-DCMP pts | I21: Round-trip drive (h) | J21: Margin vs cut | K21: Outlook | L21: Points rank | M21: Schedule note | N21: Pts if gap ≥ 2 | O21: Chance of making cut | P21: Bad-luck total (1 in 10) | Q21: Pair key
A22: GADAL | B22: GAGAI | C22: =INDEX($C$14:$C$18,MATCH(A22,$A$14:$A$18,0)) -> 1 | D22: =INDEX($C$14:$C$18,MATCH(B22,$A$14:$A$18,0)) -> 2 | E22: =ABS(D22-C22) -> 1 | F22: =INDEX($G$14:$G$18,MATCH(A22,$A$14:$A$18,0)) -> 30.447952 | G22: =INDEX($G$14:$G$18,MATCH(B22,$A$14:$A$18,0)) -> 32.1512 | H22: =F22+G22 -> 62.599152 | I22: =2*(INDEX($D$14:$D$18,MATCH(A22,$A$14:$A$18,0))+INDEX($D$14:$D$18,MATCH(B22,$A$14:$A$18,0))) -> 23.113551 | J22: =H22-Assumptions!$B$13 -> 12.599152 | K22: =IF(H22>=Assumptions!$B$14,"Safe",IF(H22>=Assumptions!$B$13,"Borderline","At risk")) -> Safe | L22: =RANK(H22,$H$22:$H$31)+COUNTIF($H$22:H22,H22)-1 -> 8 | M22: =IF(E22=1,"Back-to-back weeks",IF(E22>=4,"Long gap","")) -> Back-to-back weeks | N22: =IF(E22>=2,H22,-1) -> -1 | O22: =1-NORMDIST(Assumptions!$B$13,H22,Assumptions!$B$33,1) -> 0.79132993 | P22: =NORMINV(0.1,H22,Assumptions!$B$34) -> 43.065683 | Q22: =A22&"+"&B22 -> GADAL+GAGAI
A23: GADAL | B23: GAGWI | C23: =INDEX($C$14:$C$18,MATCH(A23,$A$14:$A$18,0)) -> 1 | D23: =INDEX($C$14:$C$18,MATCH(B23,$A$14:$A$18,0)) -> 3 | E23: =ABS(D23-C23) -> 2 | F23: =INDEX($G$14:$G$18,MATCH(A23,$A$14:$A$18,0)) -> 30.447952 | G23: =INDEX($G$14:$G$18,MATCH(B23,$A$14:$A$18,0)) -> 30.447952 | H23: =F23+G23 -> 60.895905 | I23: =2*(INDEX($D$14:$D$18,MATCH(A23,$A$14:$A$18,0))+INDEX($D$14:$D$18,MATCH(B23,$A$14:$A$18,0))) -> 22.534891 | J23: =H23-Assumptions!$B$13 -> 10.895905 | K23: =IF(H23>=Assumptions!$B$14,"Safe",IF(H23>=Assumptions!$B$13,"Borderline","At risk")) -> Safe | L23: =RANK(H23,$H$22:$H$31)+COUNTIF($H$22:H23,H23)-1 -> 10 | M23: =IF(E23=1,"Back-to-back weeks",IF(E23>=4,"Long gap","")) | N23: =IF(E23>=2,H23,-1) -> 60.895905 | O23: =1-NORMDIST(Assumptions!$B$13,H23,Assumptions!$B$33,1) -> 0.75847373 | P23: =NORMINV(0.1,H23,Assumptions!$B$34) -> 41.362435 | Q23: =A23&"+"&B23 -> GADAL+GAGWI
A24: GADAL | B24: GAALB | C24: =INDEX($C$14:$C$18,MATCH(A24,$A$14:$A$18,0)) -> 1 | D24: =INDEX($C$14:$C$18,MATCH(B24,$A$14:$A$18,0)) -> 4 | E24: =ABS(D24-C24) -> 3 | F24: =INDEX($G$14:$G$18,MATCH(A24,$A$14:$A$18,0)) -> 30.447952 | G24: =INDEX($G$14:$G$18,MATCH(B24,$A$14:$A$18,0)) -> 34.016897 | H24: =F24+G24 -> 64.464849 | I24: =2*(INDEX($D$14:$D$18,MATCH(A24,$A$14:$A$18,0))+INDEX($D$14:$D$18,MATCH(B24,$A$14:$A$18,0))) -> 18.846157 | J24: =H24-Assumptions!$B$13 -> 14.464849 | K24: =IF(H24>=Assumptions!$B$14,"Safe",IF(H24>=Assumptions!$B$13,"Borderline","At risk")) -> Safe | L24: =RANK(H24,$H$22:$H$31)+COUNTIF($H$22:H24,H24)-1 -> 6 | M24: =IF(E24=1,"Back-to-back weeks",IF(E24>=4,"Long gap","")) | N24: =IF(E24>=2,H24,-1) -> 64.464849 | O24: =1-NORMDIST(Assumptions!$B$13,H24,Assumptions!$B$33,1) -> 0.82411068 | P24: =NORMINV(0.1,H24,Assumptions!$B$34) -> 44.93138 | Q24: =A24&"+"&B24 -> GADAL+GAALB
A25: GADAL | B25: GADOU | C25: =INDEX($C$14:$C$18,MATCH(A25,$A$14:$A$18,0)) -> 1 | D25: =INDEX($C$14:$C$18,MATCH(B25,$A$14:$A$18,0)) -> 5 | E25: =ABS(D25-C25) -> 4 | F25: =INDEX($G$14:$G$18,MATCH(A25,$A$14:$A$18,0)) -> 30.447952 | G25: =INDEX($G$14:$G$18,MATCH(B25,$A$14:$A$18,0)) -> 38.384932 | H25: =F25+G25 -> 68.832884 | I25: =2*(INDEX($D$14:$D$18,MATCH(A25,$A$14:$A$18,0))+INDEX($D$14:$D$18,MATCH(B25,$A$14:$A$18,0))) -> 23.086397 | J25: =H25-Assumptions!$B$13 -> 18.832884 | K25: =IF(H25>=Assumptions!$B$14,"Safe",IF(H25>=Assumptions!$B$13,"Borderline","At risk")) -> Safe | L25: =RANK(H25,$H$22:$H$31)+COUNTIF($H$22:H25,H25)-1 -> 3 | M25: =IF(E25=1,"Back-to-back weeks",IF(E25>=4,"Long gap","")) -> Long gap | N25: =IF(E25>=2,H25,-1) -> 68.832884 | O25: =1-NORMDIST(Assumptions!$B$13,H25,Assumptions!$B$33,1) -> 0.8873066 | P25: =NORMINV(0.1,H25,Assumptions!$B$34) -> 49.299415 | Q25: =A25&"+"&B25 -> GADAL+GADOU
A26: GAGAI | B26: GAGWI | C26: =INDEX($C$14:$C$18,MATCH(A26,$A$14:$A$18,0)) -> 2 | D26: =INDEX($C$14:$C$18,MATCH(B26,$A$14:$A$18,0)) -> 3 | E26: =ABS(D26-C26) -> 1 | F26: =INDEX($G$14:$G$18,MATCH(A26,$A$14:$A$18,0)) -> 32.1512 | G26: =INDEX($G$14:$G$18,MATCH(B26,$A$14:$A$18,0)) -> 30.447952 | H26: =F26+G26 -> 62.599152 | I26: =2*(INDEX($D$14:$D$18,MATCH(A26,$A$14:$A$18,0))+INDEX($D$14:$D$18,MATCH(B26,$A$14:$A$18,0))) -> 20.255623 | J26: =H26-Assumptions!$B$13 -> 12.599152 | K26: =IF(H26>=Assumptions!$B$14,"Safe",IF(H26>=Assumptions!$B$13,"Borderline","At risk")) -> Safe | L26: =RANK(H26,$H$22:$H$31)+COUNTIF($H$22:H26,H26)-1 -> 9 | M26: =IF(E26=1,"Back-to-back weeks",IF(E26>=4,"Long gap","")) -> Back-to-back weeks | N26: =IF(E26>=2,H26,-1) -> -1 | O26: =1-NORMDIST(Assumptions!$B$13,H26,Assumptions!$B$33,1) -> 0.79132993 | P26: =NORMINV(0.1,H26,Assumptions!$B$34) -> 43.065683 | Q26: =A26&"+"&B26 -> GAGAI+GAGWI
A27: GAGAI | B27: GAALB | C27: =INDEX($C$14:$C$18,MATCH(A27,$A$14:$A$18,0)) -> 2 | D27: =INDEX($C$14:$C$18,MATCH(B27,$A$14:$A$18,0)) -> 4 | E27: =ABS(D27-C27) -> 2 | F27: =INDEX($G$14:$G$18,MATCH(A27,$A$14:$A$18,0)) -> 32.1512 | G27: =INDEX($G$14:$G$18,MATCH(B27,$A$14:$A$18,0)) -> 34.016897 | H27: =F27+G27 -> 66.168097 | I27: =2*(INDEX($D$14:$D$18,MATCH(A27,$A$14:$A$18,0))+INDEX($D$14:$D$18,MATCH(B27,$A$14:$A$18,0))) -> 16.566889 | J27: =H27-Assumptions!$B$13 -> 16.168097 | K27: =IF(H27>=Assumptions!$B$14,"Safe",IF(H27>=Assumptions!$B$13,"Borderline","At risk")) -> Safe | L27: =RANK(H27,$H$22:$H$31)+COUNTIF($H$22:H27,H27)-1 -> 5 | M27: =IF(E27=1,"Back-to-back weeks",IF(E27>=4,"Long gap","")) | N27: =IF(E27>=2,H27,-1) -> 66.168097 | O27: =1-NORMDIST(Assumptions!$B$13,H27,Assumptions!$B$33,1) -> 0.85101301 | P27: =NORMINV(0.1,H27,Assumptions!$B$34) -> 46.634628 | Q27: =A27&"+"&B27 -> GAGAI+GAALB
A28: GAGAI | B28: GADOU | C28: =INDEX($C$14:$C$18,MATCH(A28,$A$14:$A$18,0)) -> 2 | D28: =INDEX($C$14:$C$18,MATCH(B28,$A$14:$A$18,0)) -> 5 | E28: =ABS(D28-C28) -> 3 | F28: =INDEX($G$14:$G$18,MATCH(A28,$A$14:$A$18,0)) -> 32.1512 | G28: =INDEX($G$14:$G$18,MATCH(B28,$A$14:$A$18,0)) -> 38.384932 | H28: =F28+G28 -> 70.536132 | I28: =2*(INDEX($D$14:$D$18,MATCH(A28,$A$14:$A$18,0))+INDEX($D$14:$D$18,MATCH(B28,$A$14:$A$18,0))) -> 20.807129 | J28: =H28-Assumptions!$B$13 -> 20.536132 | K28: =IF(H28>=Assumptions!$B$14,"Safe",IF(H28>=Assumptions!$B$13,"Borderline","At risk")) -> Safe | L28: =RANK(H28,$H$22:$H$31)+COUNTIF($H$22:H28,H28)-1 -> 2 | M28: =IF(E28=1,"Back-to-back weeks",IF(E28>=4,"Long gap","")) | N28: =IF(E28>=2,H28,-1) -> 70.536132 | O28: =1-NORMDIST(Assumptions!$B$13,H28,Assumptions!$B$33,1) -> 0.90691113 | P28: =NORMINV(0.1,H28,Assumptions!$B$34) -> 51.002663 | Q28: =A28&"+"&B28 -> GAGAI+GADOU
A29: GAGWI | B29: GAALB | C29: =INDEX($C$14:$C$18,MATCH(A29,$A$14:$A$18,0)) -> 3 | D29: =INDEX($C$14:$C$18,MATCH(B29,$A$14:$A$18,0)) -> 4 | E29: =ABS(D29-C29) -> 1 | F29: =INDEX($G$14:$G$18,MATCH(A29,$A$14:$A$18,0)) -> 30.447952 | G29: =INDEX($G$14:$G$18,MATCH(B29,$A$14:$A$18,0)) -> 34.016897 | H29: =F29+G29 -> 64.464849 | I29: =2*(INDEX($D$14:$D$18,MATCH(A29,$A$14:$A$18,0))+INDEX($D$14:$D$18,MATCH(B29,$A$14:$A$18,0))) -> 15.988229 | J29: =H29-Assumptions!$B$13 -> 14.464849 | K29: =IF(H29>=Assumptions!$B$14,"Safe",IF(H29>=Assumptions!$B$13,"Borderline","At risk")) -> Safe | L29: =RANK(H29,$H$22:$H$31)+COUNTIF($H$22:H29,H29)-1 -> 7 | M29: =IF(E29=1,"Back-to-back weeks",IF(E29>=4,"Long gap","")) -> Back-to-back weeks | N29: =IF(E29>=2,H29,-1) -> -1 | O29: =1-NORMDIST(Assumptions!$B$13,H29,Assumptions!$B$33,1) -> 0.82411068 | P29: =NORMINV(0.1,H29,Assumptions!$B$34) -> 44.93138 | Q29: =A29&"+"&B29 -> GAGWI+GAALB
A30: GAGWI | B30: GADOU | C30: =INDEX($C$14:$C$18,MATCH(A30,$A$14:$A$18,0)) -> 3 | D30: =INDEX($C$14:$C$18,MATCH(B30,$A$14:$A$18,0)) -> 5 | E30: =ABS(D30-C30) -> 2 | F30: =INDEX($G$14:$G$18,MATCH(A30,$A$14:$A$18,0)) -> 30.447952 | G30: =INDEX($G$14:$G$18,MATCH(B30,$A$14:$A$18,0)) -> 38.384932 | H30: =F30+G30 -> 68.832884 | I30: =2*(INDEX($D$14:$D$18,MATCH(A30,$A$14:$A$18,0))+INDEX($D$14:$D$18,MATCH(B30,$A$14:$A$18,0))) -> 20.22847 | J30: =H30-Assumptions!$B$13 -> 18.832884 | K30: =IF(H30>=Assumptions!$B$14,"Safe",IF(H30>=Assumptions!$B$13,"Borderline","At risk")) -> Safe | L30: =RANK(H30,$H$22:$H$31)+COUNTIF($H$22:H30,H30)-1 -> 4 | M30: =IF(E30=1,"Back-to-back weeks",IF(E30>=4,"Long gap","")) | N30: =IF(E30>=2,H30,-1) -> 68.832884 | O30: =1-NORMDIST(Assumptions!$B$13,H30,Assumptions!$B$33,1) -> 0.8873066 | P30: =NORMINV(0.1,H30,Assumptions!$B$34) -> 49.299415 | Q30: =A30&"+"&B30 -> GAGWI+GADOU
A31: GAALB | B31: GADOU | C31: =INDEX($C$14:$C$18,MATCH(A31,$A$14:$A$18,0)) -> 4 | D31: =INDEX($C$14:$C$18,MATCH(B31,$A$14:$A$18,0)) -> 5 | E31: =ABS(D31-C31) -> 1 | F31: =INDEX($G$14:$G$18,MATCH(A31,$A$14:$A$18,0)) -> 34.016897 | G31: =INDEX($G$14:$G$18,MATCH(B31,$A$14:$A$18,0)) -> 38.384932 | H31: =F31+G31 -> 72.401829 | I31: =2*(INDEX($D$14:$D$18,MATCH(A31,$A$14:$A$18,0))+INDEX($D$14:$D$18,MATCH(B31,$A$14:$A$18,0))) -> 16.539736 | J31: =H31-Assumptions!$B$13 -> 22.401829 | K31: =IF(H31>=Assumptions!$B$14,"Safe",IF(H31>=Assumptions!$B$13,"Borderline","At risk")) -> Safe | L31: =RANK(H31,$H$22:$H$31)+COUNTIF($H$22:H31,H31)-1 -> 1 | M31: =IF(E31=1,"Back-to-back weeks",IF(E31>=4,"Long gap","")) -> Back-to-back weeks | N31: =IF(E31>=2,H31,-1) -> -1 | O31: =1-NORMDIST(Assumptions!$B$13,H31,Assumptions!$B$33,1) -> 0.92535891 | P31: =NORMINV(0.1,H31,Assumptions!$B$34) -> 52.868359 | Q31: =A31&"+"&B31 -> GAALB+GADOU
A33: Best by expected points | B33: =INDEX($A$22:$A$31,MATCH(1,$L$22:$L$31,0))&" + "&INDEX($B$22:$B$31,MATCH(1,$L$22:$L$31,0)) -> GAALB + GADOU | C33: =INDEX($H$22:$H$31,MATCH(1,$L$22:$L$31,0)) -> 72.401829
A34: Least driving | B34: =INDEX($A$22:$A$31,MATCH(MIN($I$22:$I$31),$I$22:$I$31,0))&" + "&INDEX($B$22:$B$31,MATCH(MIN($I$22:$I$31),$I$22:$I$31,0)) -> GAGWI + GAALB | C34: =INDEX($H$22:$H$31,MATCH(MIN($I$22:$I$31),$I$22:$I$31,0)) -> 64.464849
A35: Best with ≥ 2-week gap | B35: =INDEX($A$22:$A$31,MATCH(MAX($N$22:$N$31),$N$22:$N$31,0))&" + "&INDEX($B$22:$B$31,MATCH(MAX($N$22:$N$31),$N$22:$N$31,0)) -> GAGAI + GADOU | C35: =MAX($N$22:$N$31) -> 70.536132
A37: Registration outcomes: what each lottery result means
A38: Outcome (Round 1 / Round 2) | B38: Events | C38: Expected pre-DCMP pts | D38: Chance of making cut | E38: Bad-luck total (1 in 10)
A39: First choice / first choice | B39: Albany + Gainesville | C39: =INDEX($H$22:$H$31,MATCH("GAGAI+GAALB",$Q$22:$Q$31,0)) -> 66.168097 | D39: =INDEX($O$22:$O$31,MATCH("GAGAI+GAALB",$Q$22:$Q$31,0)) -> 0.85101301 | E39: =INDEX($P$22:$P$31,MATCH("GAGAI+GAALB",$Q$22:$Q$31,0)) -> 46.634628
A40: First choice / second choice | B40: Albany + Dalton | C40: =INDEX($H$22:$H$31,MATCH("GADAL+GAALB",$Q$22:$Q$31,0)) -> 64.464849 | D40: =INDEX($O$22:$O$31,MATCH("GADAL+GAALB",$Q$22:$Q$31,0)) -> 0.82411068 | E40: =INDEX($P$22:$P$31,MATCH("GADAL+GAALB",$Q$22:$Q$31,0)) -> 44.93138
A41: Second choice / first choice | B41: Dalton + Albany | C41: =INDEX($H$22:$H$31,MATCH("GADAL+GAALB",$Q$22:$Q$31,0)) -> 64.464849 | D41: =INDEX($O$22:$O$31,MATCH("GADAL+GAALB",$Q$22:$Q$31,0)) -> 0.82411068 | E41: =INDEX($P$22:$P$31,MATCH("GADAL+GAALB",$Q$22:$Q$31,0)) -> 44.93138
A42: Second choice / second choice | B42: Dalton + Gwinnett | C42: =INDEX($H$22:$H$31,MATCH("GADAL+GAGWI",$Q$22:$Q$31,0)) -> 60.895905 | D42: =INDEX($O$22:$O$31,MATCH("GADAL+GAGWI",$Q$22:$Q$31,0)) -> 0.75847373 | E42: =INDEX($P$22:$P$31,MATCH("GADAL+GAGWI",$Q$22:$Q$31,0)) -> 41.362435
A43: Second choice in both rounds (Dalton W1 + Gwinnett W3): about 5 fewer expected points than the target, the toughest forecast field (Dalton), the least build time (Week 1) and the most driving, but the most rebuild time (12 days) and Macon prep (16 days).
A45: How to read: k counts forecast attendees with a higher 2026 blended strength than the focus team. Fewer stronger teams → better qualification seed, captain/early-pick odds and playoff depth, which is where most district points come from.
A46: Sanity check: the same formula gives 3329 about 66 points for its actual 2026 fields (k = 10 at Dalton, 9 at Columbus) vs 64 earned.
A47: Each event is forecast to be at or near capacity. Event preferencing runs in two lotteries: Round 1 (first event) Sep 24 – Oct 1, 2026 and Round 2 (second event) Oct 15 – 22, 2026. Picking an event changes its field slightly (you displace a team), which this sheet does not model.
A48: Expected points are 2026-based. A stronger or weaker 2027 robot moves every row by a similar amount, so the ranking of combinations is more reliable than the absolute totals.

Sheet Events 2027
A1: 2027 PCH events — forecast attendance and competitive density
A2: Competitive index = 3 × top-10 teams + 2 × top-11–25 + 1 × top-26–45 (by 2026 blended strength). All counts are live formulas on Forecast 2027.
A4: Code | B4: Event | C4: Week | D4: Dates | E4: City | F4: Capacity | G4: Forecast teams | H4: Fill % | I4: Top-10 teams | J4: Top 11–25 | K4: Top 26–45 | L4: Avg strength | M4: Competitive index | N4: Density rank (1 = toughest)
A5: GADAL | B5: PCH District Dalton Event presented by Shaw Industries | C5: 1 | D5: Mar 4–6, 2027 | E5: Dalton | F5: 30 | G5: =COUNTIF('Forecast 2027'!$F$2:$F$75,A5)+COUNTIF('Forecast 2027'!$G$2:$G$75,A5) -> 30 | H5: =G5/F5 -> 1 | I5: =SUMPRODUCT(('Forecast 2027'!$F$2:$F$75=A5)*('Forecast 2027'!$E$2:$E$75>=1)*('Forecast 2027'!$E$2:$E$75<=10))+SUMPRODUCT(('Forecast 2027'!$G$2:$G$75=A5)*('Forecast 2027'!$E$2:$E$75>=1)*('Forecast 2027'!$E$2:$E$75<=10)) -> 5 | J5: =SUMPRODUCT(('Forecast 2027'!$F$2:$F$75=A5)*('Forecast 2027'!$E$2:$E$75>=11)*('Forecast 2027'!$E$2:$E$75<=25))+SUMPRODUCT(('Forecast 2027'!$G$2:$G$75=A5)*('Forecast 2027'!$E$2:$E$75>=11)*('Forecast 2027'!$E$2:$E$75<=25)) -> 6 | K5: =SUMPRODUCT(('Forecast 2027'!$F$2:$F$75=A5)*('Forecast 2027'!$E$2:$E$75>=26)*('Forecast 2027'!$E$2:$E$75<=45))+SUMPRODUCT(('Forecast 2027'!$G$2:$G$75=A5)*('Forecast 2027'!$E$2:$E$75>=26)*('Forecast 2027'!$E$2:$E$75<=45)) -> 12 | L5: =IF(ISERROR((SUMIF('Forecast 2027'!$F$2:$F$75,A5,'Forecast 2027'!$D$2:$D$75)+SUMIF('Forecast 2027'!$G$2:$G$75,A5,'Forecast 2027'!$D$2:$D$75))/G5),0,(SUMIF('Forecast 2027'!$F$2:$F$75,A5,'Forecast 2027'!$D$2:$D$75)+SUMIF('Forecast 2027'!$G$2:$G$75,A5,'Forecast 2027'!$D$2:$D$75))/G5) -> 40.305519 | M5: =3*I5+2*J5+K5 -> 39 | N5: =RANK(M5,$M$5:$M$9) -> 1
A6: GAGAI | B6: PCH District Gainesville Event presented by Honeywell Tech | C6: 2 | D6: Mar 11–13, 2027 | E6: Gainesville | F6: 30 | G6: =COUNTIF('Forecast 2027'!$F$2:$F$75,A6)+COUNTIF('Forecast 2027'!$G$2:$G$75,A6) -> 30 | H6: =G6/F6 -> 1 | I6: =SUMPRODUCT(('Forecast 2027'!$F$2:$F$75=A6)*('Forecast 2027'!$E$2:$E$75>=1)*('Forecast 2027'!$E$2:$E$75<=10))+SUMPRODUCT(('Forecast 2027'!$G$2:$G$75=A6)*('Forecast 2027'!$E$2:$E$75>=1)*('Forecast 2027'!$E$2:$E$75<=10)) -> 3 | J6: =SUMPRODUCT(('Forecast 2027'!$F$2:$F$75=A6)*('Forecast 2027'!$E$2:$E$75>=11)*('Forecast 2027'!$E$2:$E$75<=25))+SUMPRODUCT(('Forecast 2027'!$G$2:$G$75=A6)*('Forecast 2027'!$E$2:$E$75>=11)*('Forecast 2027'!$E$2:$E$75<=25)) -> 7 | K6: =SUMPRODUCT(('Forecast 2027'!$F$2:$F$75=A6)*('Forecast 2027'!$E$2:$E$75>=26)*('Forecast 2027'!$E$2:$E$75<=45))+SUMPRODUCT(('Forecast 2027'!$G$2:$G$75=A6)*('Forecast 2027'!$E$2:$E$75>=26)*('Forecast 2027'!$E$2:$E$75<=45)) -> 7 | L6: =IF(ISERROR((SUMIF('Forecast 2027'!$F$2:$F$75,A6,'Forecast 2027'!$D$2:$D$75)+SUMIF('Forecast 2027'!$G$2:$G$75,A6,'Forecast 2027'!$D$2:$D$75))/G6),0,(SUMIF('Forecast 2027'!$F$2:$F$75,A6,'Forecast 2027'!$D$2:$D$75)+SUMIF('Forecast 2027'!$G$2:$G$75,A6,'Forecast 2027'!$D$2:$D$75))/G6) -> 33.933515 | M6: =3*I6+2*J6+K6 -> 30 | N6: =RANK(M6,$M$5:$M$9) -> 4
A7: GAGWI | B7: PCH District Gwinnett Event presented by Zebra Technologies | C7: 3 | D7: Mar 19–21, 2027 | E7: Lawrenceville | F7: 30 | G7: =COUNTIF('Forecast 2027'!$F$2:$F$75,A7)+COUNTIF('Forecast 2027'!$G$2:$G$75,A7) -> 30 | H7: =G7/F7 -> 1 | I7: =SUMPRODUCT(('Forecast 2027'!$F$2:$F$75=A7)*('Forecast 2027'!$E$2:$E$75>=1)*('Forecast 2027'!$E$2:$E$75<=10))+SUMPRODUCT(('Forecast 2027'!$G$2:$G$75=A7)*('Forecast 2027'!$E$2:$E$75>=1)*('Forecast 2027'!$E$2:$E$75<=10)) -> 4 | J7: =SUMPRODUCT(('Forecast 2027'!$F$2:$F$75=A7)*('Forecast 2027'!$E$2:$E$75>=11)*('Forecast 2027'!$E$2:$E$75<=25))+SUMPRODUCT(('Forecast 2027'!$G$2:$G$75=A7)*('Forecast 2027'!$E$2:$E$75>=11)*('Forecast 2027'!$E$2:$E$75<=25)) -> 7 | K7: =SUMPRODUCT(('Forecast 2027'!$F$2:$F$75=A7)*('Forecast 2027'!$E$2:$E$75>=26)*('Forecast 2027'!$E$2:$E$75<=45))+SUMPRODUCT(('Forecast 2027'!$G$2:$G$75=A7)*('Forecast 2027'!$E$2:$E$75>=26)*('Forecast 2027'!$E$2:$E$75<=45)) -> 6 | L7: =IF(ISERROR((SUMIF('Forecast 2027'!$F$2:$F$75,A7,'Forecast 2027'!$D$2:$D$75)+SUMIF('Forecast 2027'!$G$2:$G$75,A7,'Forecast 2027'!$D$2:$D$75))/G7),0,(SUMIF('Forecast 2027'!$F$2:$F$75,A7,'Forecast 2027'!$D$2:$D$75)+SUMIF('Forecast 2027'!$G$2:$G$75,A7,'Forecast 2027'!$D$2:$D$75))/G7) -> 36.528104 | M7: =3*I7+2*J7+K7 -> 32 | N7: =RANK(M7,$M$5:$M$9) -> 2
A8: GAALB | B8: PCH District Albany Event presented by Procter & Gamble | C8: 4 | D8: Mar 25–27, 2027 | E8: Albany | F8: 29 | G8: =COUNTIF('Forecast 2027'!$F$2:$F$75,A8)+COUNTIF('Forecast 2027'!$G$2:$G$75,A8) -> 28 | H8: =G8/F8 -> 0.96551724 | I8: =SUMPRODUCT(('Forecast 2027'!$F$2:$F$75=A8)*('Forecast 2027'!$E$2:$E$75>=1)*('Forecast 2027'!$E$2:$E$75<=10))+SUMPRODUCT(('Forecast 2027'!$G$2:$G$75=A8)*('Forecast 2027'!$E$2:$E$75>=1)*('Forecast 2027'!$E$2:$E$75<=10)) -> 5 | J8: =SUMPRODUCT(('Forecast 2027'!$F$2:$F$75=A8)*('Forecast 2027'!$E$2:$E$75>=11)*('Forecast 2027'!$E$2:$E$75<=25))+SUMPRODUCT(('Forecast 2027'!$G$2:$G$75=A8)*('Forecast 2027'!$E$2:$E$75>=11)*('Forecast 2027'!$E$2:$E$75<=25)) -> 5 | K8: =SUMPRODUCT(('Forecast 2027'!$F$2:$F$75=A8)*('Forecast 2027'!$E$2:$E$75>=26)*('Forecast 2027'!$E$2:$E$75<=45))+SUMPRODUCT(('Forecast 2027'!$G$2:$G$75=A8)*('Forecast 2027'!$E$2:$E$75>=26)*('Forecast 2027'!$E$2:$E$75<=45)) -> 7 | L8: =IF(ISERROR((SUMIF('Forecast 2027'!$F$2:$F$75,A8,'Forecast 2027'!$D$2:$D$75)+SUMIF('Forecast 2027'!$G$2:$G$75,A8,'Forecast 2027'!$D$2:$D$75))/G8),0,(SUMIF('Forecast 2027'!$F$2:$F$75,A8,'Forecast 2027'!$D$2:$D$75)+SUMIF('Forecast 2027'!$G$2:$G$75,A8,'Forecast 2027'!$D$2:$D$75))/G8) -> 40.482294 | M8: =3*I8+2*J8+K8 -> 32 | N8: =RANK(M8,$M$5:$M$9) -> 2
A9: GADOU | B9: PCH District Douglasville Event (new for 2027) | C9: 5 | D9: Apr 1–3, 2027 | E9: Douglasville | F9: 30 | G9: =COUNTIF('Forecast 2027'!$F$2:$F$75,A9)+COUNTIF('Forecast 2027'!$G$2:$G$75,A9) -> 30 | H9: =G9/F9 -> 1 | I9: =SUMPRODUCT(('Forecast 2027'!$F$2:$F$75=A9)*('Forecast 2027'!$E$2:$E$75>=1)*('Forecast 2027'!$E$2:$E$75<=10))+SUMPRODUCT(('Forecast 2027'!$G$2:$G$75=A9)*('Forecast 2027'!$E$2:$E$75>=1)*('Forecast 2027'!$E$2:$E$75<=10)) -> 3 | J9: =SUMPRODUCT(('Forecast 2027'!$F$2:$F$75=A9)*('Forecast 2027'!$E$2:$E$75>=11)*('Forecast 2027'!$E$2:$E$75<=25))+SUMPRODUCT(('Forecast 2027'!$G$2:$G$75=A9)*('Forecast 2027'!$E$2:$E$75>=11)*('Forecast 2027'!$E$2:$E$75<=25)) -> 5 | K9: =SUMPRODUCT(('Forecast 2027'!$F$2:$F$75=A9)*('Forecast 2027'!$E$2:$E$75>=26)*('Forecast 2027'!$E$2:$E$75<=45))+SUMPRODUCT(('Forecast 2027'!$G$2:$G$75=A9)*('Forecast 2027'!$E$2:$E$75>=26)*('Forecast 2027'!$E$2:$E$75<=45)) -> 8 | L9: =IF(ISERROR((SUMIF('Forecast 2027'!$F$2:$F$75,A9,'Forecast 2027'!$D$2:$D$75)+SUMIF('Forecast 2027'!$G$2:$G$75,A9,'Forecast 2027'!$D$2:$D$75))/G9),0,(SUMIF('Forecast 2027'!$F$2:$F$75,A9,'Forecast 2027'!$D$2:$D$75)+SUMIF('Forecast 2027'!$G$2:$G$75,A9,'Forecast 2027'!$D$2:$D$75))/G9) -> 31.71262 | M9: =3*I9+2*J9+K9 -> 27 | N9: =RANK(M9,$M$5:$M$9) -> 5
A10: Total | F10: =SUM(F5:F9) -> 149 | G10: =SUM(G5:G9) -> 148
A11: GACMP | B11: Peachtree District Championship presented by Mercer University | C11: 6 | D11: Apr 7–9, 2027 | E11: Macon | G11: Top 45 by district points (2026 precedent)
A14: 2026 actual (same method, using Results 2026)
A15: Code | B15: City | C15: Week | D15: Dates | G15: Teams | I15: Top-10 teams | J15: Top 11–25 | K15: Top 26–45 | L15: Avg strength | M15: Competitive index | N15: Density rank
A16: GADAL | B16: Dalton | C16: 1 | D16: Mar 5–7, 2026 | G16: =COUNTIF('Results 2026'!$A$2:$A$149,A16) -> 31 | I16: =SUMPRODUCT(('Results 2026'!$A$2:$A$149=A16)*('Results 2026'!$H$2:$H$149>=1)*('Results 2026'!$H$2:$H$149<=10)) -> 5 | J16: =SUMPRODUCT(('Results 2026'!$A$2:$A$149=A16)*('Results 2026'!$H$2:$H$149>=11)*('Results 2026'!$H$2:$H$149<=25)) -> 5 | K16: =SUMPRODUCT(('Results 2026'!$A$2:$A$149=A16)*('Results 2026'!$H$2:$H$149>=26)*('Results 2026'!$H$2:$H$149<=45)) -> 12 | L16: =IF(ISERROR(SUMIF('Results 2026'!$A$2:$A$149,A16,'Results 2026'!$I$2:$I$149)/G16),0,SUMIF('Results 2026'!$A$2:$A$149,A16,'Results 2026'!$I$2:$I$149)/G16) -> 37.900528 | M16: =3*I16+2*J16+K16 -> 37 | N16: =RANK(M16,$M$16:$M$20) -> 1
A17: GAGWI | B17: Lawrenceville | C17: 2 | D17: Mar 13–15, 2026 | G17: =COUNTIF('Results 2026'!$A$2:$A$149,A17) -> 30 | I17: =SUMPRODUCT(('Results 2026'!$A$2:$A$149=A17)*('Results 2026'!$H$2:$H$149>=1)*('Results 2026'!$H$2:$H$149<=10)) -> 4 | J17: =SUMPRODUCT(('Results 2026'!$A$2:$A$149=A17)*('Results 2026'!$H$2:$H$149>=11)*('Results 2026'!$H$2:$H$149<=25)) -> 7 | K17: =SUMPRODUCT(('Results 2026'!$A$2:$A$149=A17)*('Results 2026'!$H$2:$H$149>=26)*('Results 2026'!$H$2:$H$149<=45)) -> 6 | L17: =IF(ISERROR(SUMIF('Results 2026'!$A$2:$A$149,A17,'Results 2026'!$I$2:$I$149)/G17),0,SUMIF('Results 2026'!$A$2:$A$149,A17,'Results 2026'!$I$2:$I$149)/G17) -> 36.826139 | M17: =3*I17+2*J17+K17 -> 32 | N17: =RANK(M17,$M$16:$M$20) -> 2
A18: GACOL | B18: Columbus | C18: 3 | D18: Mar 19–21, 2026 | G18: =COUNTIF('Results 2026'!$A$2:$A$149,A18) -> 29 | I18: =SUMPRODUCT(('Results 2026'!$A$2:$A$149=A18)*('Results 2026'!$H$2:$H$149>=1)*('Results 2026'!$H$2:$H$149<=10)) -> 4 | J18: =SUMPRODUCT(('Results 2026'!$A$2:$A$149=A18)*('Results 2026'!$H$2:$H$149>=11)*('Results 2026'!$H$2:$H$149<=25)) -> 6 | K18: =SUMPRODUCT(('Results 2026'!$A$2:$A$149=A18)*('Results 2026'!$H$2:$H$149>=26)*('Results 2026'!$H$2:$H$149<=45)) -> 7 | L18: =IF(ISERROR(SUMIF('Results 2026'!$A$2:$A$149,A18,'Results 2026'!$I$2:$I$149)/G18),0,SUMIF('Results 2026'!$A$2:$A$149,A18,'Results 2026'!$I$2:$I$149)/G18) -> 35.371255 | M18: =3*I18+2*J18+K18 -> 31 | N18: =RANK(M18,$M$16:$M$20) -> 3
A19: GAALB | B19: Albany | C19: 4 | D19: Mar 26–28, 2026 | G19: =COUNTIF('Results 2026'!$A$2:$A$149,A19) -> 28 | I19: =SUMPRODUCT(('Results 2026'!$A$2:$A$149=A19)*('Results 2026'!$H$2:$H$149>=1)*('Results 2026'!$H$2:$H$149<=10)) -> 4 | J19: =SUMPRODUCT(('Results 2026'!$A$2:$A$149=A19)*('Results 2026'!$H$2:$H$149>=11)*('Results 2026'!$H$2:$H$149<=25)) -> 6 | K19: =SUMPRODUCT(('Results 2026'!$A$2:$A$149=A19)*('Results 2026'!$H$2:$H$149>=26)*('Results 2026'!$H$2:$H$149<=45)) -> 7 | L19: =IF(ISERROR(SUMIF('Results 2026'!$A$2:$A$149,A19,'Results 2026'!$I$2:$I$149)/G19),0,SUMIF('Results 2026'!$A$2:$A$149,A19,'Results 2026'!$I$2:$I$149)/G19) -> 39.286422 | M19: =3*I19+2*J19+K19 -> 31 | N19: =RANK(M19,$M$16:$M$20) -> 3
A20: GAGAI | B20: Gainesville | C20: 5 | D20: Apr 2–4, 2026 | G20: =COUNTIF('Results 2026'!$A$2:$A$149,A20) -> 30 | I20: =SUMPRODUCT(('Results 2026'!$A$2:$A$149=A20)*('Results 2026'!$H$2:$H$149>=1)*('Results 2026'!$H$2:$H$149<=10)) -> 3 | J20: =SUMPRODUCT(('Results 2026'!$A$2:$A$149=A20)*('Results 2026'!$H$2:$H$149>=11)*('Results 2026'!$H$2:$H$149<=25)) -> 6 | K20: =SUMPRODUCT(('Results 2026'!$A$2:$A$149=A20)*('Results 2026'!$H$2:$H$149>=26)*('Results 2026'!$H$2:$H$149<=45)) -> 8 | L20: =IF(ISERROR(SUMIF('Results 2026'!$A$2:$A$149,A20,'Results 2026'!$I$2:$I$149)/G20),0,SUMIF('Results 2026'!$A$2:$A$149,A20,'Results 2026'!$I$2:$I$149)/G20) -> 33.413674 | M20: =3*I20+2*J20+K20 -> 29 | N20: =RANK(M20,$M$16:$M$20) -> 5
A22: Source: 2027 dates, weeks and capacities from FIRST FRC Events 2027 Season Event List (rendered 9/22/2026). Capacities exclude any reserve slots.

Sheet Forecast 2027
A1: Team | B1: Name | C1: City | D1: Strength | E1: Strength rank | F1: Event A | G1: Event B | H1: Week A | I1: Week B | J1: Gap (wks) | K1: Drive A (h) | L1: Drive B (h) | M1: 2026 events | N1: Venues kept from 2026 | O1: Confidence | P1: Rationale | Q1: Next-best pair | S1: Focus team | T1: =Assumptions!B20 -> 3329
A2: 1833 | B2: =INDEX(Strength!$B$2:$B$76,MATCH(A2,Strength!$A$2:$A$76,0)) -> Team BEAN | C2: =INDEX(Strength!$C$2:$C$76,MATCH(A2,Strength!$A$2:$A$76,0)) -> Cumming | D2: =INDEX(Strength!$U$2:$U$76,MATCH(A2,Strength!$A$2:$A$76,0)) -> 100 | E2: =INDEX(Strength!$V$2:$V$76,MATCH(A2,Strength!$A$2:$A$76,0)) -> 1 | F2: GAGAI | G2: GAGWI | H2: =IF(ISERROR(INDEX('Events 2027'!$C$5:$C$9,MATCH(F2,'Events 2027'!$A$5:$A$9,0))),"",INDEX('Events 2027'!$C$5:$C$9,MATCH(F2,'Events 2027'!$A$5:$A$9,0))) -> 2 | I2: =IF(ISERROR(INDEX('Events 2027'!$C$5:$C$9,MATCH(G2,'Events 2027'!$A$5:$A$9,0))),"",INDEX('Events 2027'!$C$5:$C$9,MATCH(G2,'Events 2027'!$A$5:$A$9,0))) -> 3 | J2: =IF(ISERROR(ABS(I2-H2)),"",ABS(I2-H2)) -> 1 | K2: =IF(ISERROR(INDEX('Drive Times'!$D$12:$I$51,MATCH(C2,'Drive Times'!$A$12:$A$51,0),MATCH(F2,'Drive Times'!$D$11:$I$11,0))),"",INDEX('Drive Times'!$D$12:$I$51,MATCH(C2,'Drive Times'!$A$12:$A$51,0),MATCH(F2,'Drive Times'!$D$11:$I$11,0))) -> 0.57760322 | L2: =IF(ISERROR(INDEX('Drive Times'!$D$12:$I$51,MATCH(C2,'Drive Times'!$A$12:$A$51,0),MATCH(G2,'Drive Times'!$D$11:$I$11,0))),"",INDEX('Drive Times'!$D$12:$I$51,MATCH(C2,'Drive Times'!$A$12:$A$51,0),MATCH(G2,'Drive Times'!$D$11:$I$11,0))) -> 0.58293458 | M2: Gwinnett + Gainesville | N2: 2 | O2: High | P2: Gainesville: returning venue (0.6 h); Lawrenceville: returning venue (0.6 h) | Q2: GAGAI + GADOU
A3: 4188 | B3: =INDEX(Strength!$B$2:$B$76,MATCH(A3,Strength!$A$2:$A$76,0)) -> Columbus Space Program | C3: =INDEX(Strength!$C$2:$C$76,MATCH(A3,Strength!$A$2:$A$76,0)) -> Columbus | D3: =INDEX(Strength!$U$2:$U$76,MATCH(A3,Strength!$A$2:$A$76,0)) -> 93.195971 | E3: =INDEX(Strength!$V$2:$V$76,MATCH(A3,Strength!$A$2:$A$76,0)) -> 2 | F3: GAALB | G3: GADOU | H3: =IF(ISERROR(INDEX('Events 2027'!$C$5:$C$9,MATCH(F3,'Events 2027'!$A$5:$A$9,0))),"",INDEX('Events 2027'!$C$5:$C$9,MATCH(F3,'Events 2027'!$A$5:$A$9,0))) -> 4 | I3: =IF(ISERROR(INDEX('Events 2027'!$C$5:$C$9,MATCH(G3,'Events 2027'!$A$5:$A$9,0))),"",INDEX('Events 2027'!$C$5:$C$9,MATCH(G3,'Events 2027'!$A$5:$A$9,0))) -> 5 | J3: =IF(ISERROR(ABS(I3-H3)),"",ABS(I3-H3)) -> 1 | K3: =IF(ISERROR(INDEX('Drive Times'!$D$12:$I$51,MATCH(C3,'Drive Times'!$A$12:$A$51,0),MATCH(F3,'Drive Times'!$D$11:$I$11,0))),"",INDEX('Drive Times'!$D$12:$I$51,MATCH(C3,'Drive Times'!$A$12:$A$51,0),MATCH(F3,'Drive Times'!$D$11:$I$11,0))) -> 1.6586581 | L3: =IF(ISERROR(INDEX('Drive Times'!$D$12:$I$51,MATCH(C3,'Drive Times'!$A$12:$A$51,0),MATCH(G3,'Drive Times'!$D$11:$I$11,0))),"",INDEX('Drive Times'!$D$12:$I$51,MATCH(C3,'Drive Times'!$A$12:$A$51,0),MATCH(G3,'Drive Times'!$D$11:$I$11,0))) -> 1.8809611 | M3: Columbus + Albany | N3: 1 | O3: Low | P3: Albany: returning venue (1.7 h); Douglasville: closest open option (1.9 h); Columbus retired for 2027; moved by capacity from Gainesville/Albany | Q3: GAGAI + GAALB
A4: 1002 | B4: =INDEX(Strength!$B$2:$B$76,MATCH(A4,Strength!$A$2:$A$76,0)) -> CircuitRunners Robotics | C4: =INDEX(Strength!$C$2:$C$76,MATCH(A4,Strength!$A$2:$A$76,0)) -> Marietta | D4: =INDEX(Strength!$U$2:$U$76,MATCH(A4,Strength!$A$2:$A$76,0)) -> 93.014811 | E4: =INDEX(Strength!$V$2:$V$76,MATCH(A4,Strength!$A$2:$A$76,0)) -> 3 | F4: GADAL | G4: GAALB | H4: =IF(ISERROR(INDEX('Events 2027'!$C$5:$C$9,MATCH(F4,'Events 2027'!$A$5:$A$9,0))),"",INDEX('Events 2027'!$C$5:$C$9,MATCH(F4,'Events 2027'!$A$5:$A$9,0))) -> 1 | I4: =IF(ISERROR(INDEX('Events 2027'!$C$5:$C$9,MATCH(G4,'Events 2027'!$A$5:$A$9,0))),"",INDEX('Events 2027'!$C$5:$C$9,MATCH(G4,'Events 2027'!$A$5:$A$9,0))) -> 4 | J4: =IF(ISERROR(ABS(I4-H4)),"",ABS(I4-H4)) -> 3 | K4: =IF(ISERROR(INDEX('Drive Times'!$D$12:$I$51,MATCH(C4,'Drive Times'!$A$12:$A$51,0),MATCH(F4,'Drive Times'!$D$11:$I$11,0))),"",INDEX('Drive Times'!$D$12:$I$51,MATCH(C4,'Drive Times'!$A$12:$A$51,0),MATCH(F4,'Drive Times'!$D$11:$I$11,0))) -> 1.351338 | L4: =IF(ISERROR(INDEX('Drive Times'!$D$12:$I$51,MATCH(C4,'Drive Times'!$A$12:$A$51,0),MATCH(G4,'Drive Times'!$D$11:$I$11,0))),"",INDEX('Drive Times'!$D$12:$I$51,MATCH(C4,'Drive Times'!$A$12:$A$51,0),MATCH(G4,'Drive Times'!$D$11:$I$11,0))) -> 3.264342 | M4: Dalton + Albany | N4: 2 | O4: Medium | P4: Dalton: returning venue (1.4 h); Albany: returning venue (3.3 h) | Q4: GADAL + GAGWI
A5: 6919 | B5: =INDEX(Strength!$B$2:$B$76,MATCH(A5,Strength!$A$2:$A$76,0)) -> The Commodores | C5: =INDEX(Strength!$C$2:$C$76,MATCH(A5,Strength!$A$2:$A$76,0)) -> Albany | D5: =INDEX(Strength!$U$2:$U$76,MATCH(A5,Strength!$A$2:$A$76,0)) -> 86.620879 | E5: =INDEX(Strength!$V$2:$V$76,MATCH(A5,Strength!$A$2:$A$76,0)) -> 4 | F5: GADAL | G5: GAALB | H5: =IF(ISERROR(INDEX('Events 2027'!$C$5:$C$9,MATCH(F5,'Events 2027'!$A$5:$A$9,0))),"",INDEX('Events 2027'!$C$5:$C$9,MATCH(F5,'Events 2027'!$A$5:$A$9,0))) -> 1 | I5: =IF(ISERROR(INDEX('Events 2027'!$C$5:$C$9,MATCH(G5,'Events 2027'!$A$5:$A$9,0))),"",INDEX('Events 2027'!$C$5:$C$9,MATCH(G5,'Events 2027'!$A$5:$A$9,0))) -> 4 | J5: =IF(ISERROR(ABS(I5-H5)),"",ABS(I5-H5)) -> 3 | K5: =IF(ISERROR(INDEX('Drive Times'!$D$12:$I$51,MATCH(C5,'Drive Times'!$A$12:$A$51,0),MATCH(F5,'Drive Times'!$D$11:$I$11,0))),"",INDEX('Drive Times'!$D$12:$I$51,MATCH(C5,'Drive Times'!$A$12:$A$51,0),MATCH(F5,'Drive Times'!$D$11:$I$11,0))) -> 4.3609642 | L5: =IF(ISERROR(INDEX('Drive Times'!$D$12:$I$51,MATCH(C5,'Drive Times'!$A$12:$A$51,0),MATCH(G5,'Drive Times'!$D$11:$I$11,0))),"",INDEX('Drive Times'!$D$12:$I$51,MATCH(C5,'Drive Times'!$A$12:$A$51,0),MATCH(G5,'Drive Times'!$D$11:$I$11,0))) -> 0 | M5: Dalton + Albany | N5: 2 | O5: High | P5: Dalton: returning venue (4.4 h); Albany: returning venue (0.0 h) | Q5: GAGAI + GAALB
A6: 1771 | B6: =INDEX(Strength!$B$2:$B$76,MATCH(A6,Strength!$A$2:$A$76,0)) -> North Gwinnett Robotics | C6: =INDEX(Strength!$C$2:$C$76,MATCH(A6,Strength!$A$2:$A$76,0)) -> Suwanee | D6: =INDEX(Strength!$U$2:$U$76,MATCH(A6,Strength!$A$2:$A$76,0)) -> 84.194139 | E6: =INDEX(Strength!$V$2:$V$76,MATCH(A6,Strength!$A$2:$A$76,0)) -> 5 | F6: GAGWI | G6: GAALB | H6: =IF(ISERROR(INDEX('Events 2027'!$C$5:$C$9,MATCH(F6,'Events 2027'!$A$5:$A$9,0))),"",INDEX('Events 2027'!$C$5:$C$9,MATCH(F6,'Events 2027'!$A$5:$A$9,0))) -> 3 | I6: =IF(ISERROR(INDEX('Events 2027'!$C$5:$C$9,MATCH(G6,'Events 2027'!$A$5:$A$9,0))),"",INDEX('Events 2027'!$C$5:$C$9,MATCH(G6,'Events 2027'!$A$5:$A$9,0))) -> 4 | J6: =IF(ISERROR(ABS(I6-H6)),"",ABS(I6-H6)) -> 1 | K6: =IF(ISERROR(INDEX('Drive Times'!$D$12:$I$51,MATCH(C6,'Drive Times'!$A$12:$A$51,0),MATCH(F6,'Drive Times'!$D$11:$I$11,0))),"",INDEX('Drive Times'!$D$12:$I$51,MATCH(C6,'Drive Times'!$A$12:$A$51,0),MATCH(F6,'Drive Times'!$D$11:$I$11,0))) -> 0.37586064 | L6: =IF(ISERROR(INDEX('Drive Times'!$D$12:$I$51,MATCH(C6,'Drive Times'!$A$12:$A$51,0),MATCH(G6,'Drive Times'!$D$11:$I$11,0))),"",INDEX('Drive Times'!$D$12:$I$51,MATCH(C6,'Drive Times'!$A$12:$A$51,0),MATCH(G6,'Drive Times'!$D$11:$I$11,0))) -> 3.3606475 | M6: Gwinnett + Albany | N6: 2 | O6: High | P6: Lawrenceville: returning venue (0.4 h); Albany: returning venue (3.4 h) | Q6: GAGWI + GADOU
A7: 2974 | B7: =INDEX(Strength!$B$2:$B$76,MATCH(A7,Strength!$A$2:$A$76,0)) -> Walton Robotics | C7: =INDEX(Strength!$C$2:$C$76,MATCH(A7,Strength!$A$2:$A$76,0)) -> Marietta | D7: =INDEX(Strength!$U$2:$U$76,MATCH(A7,Strength!$A$2:$A$76,0)) -> 82.097468 | E7: =INDEX(Strength!$V$2:$V$76,MATCH(A7,Strength!$A$2:$A$76,0)) -> 6 | F7: GADAL | G7: GADOU | H7: =IF(ISERROR(INDEX('Events 2027'!$C$5:$C$9,MATCH(F7,'Events 2027'!$A$5:$A$9,0))),"",INDEX('Events 2027'!$C$5:$C$9,MATCH(F7,'Events 2027'!$A$5:$A$9,0))) -> 1 | I7: =IF(ISERROR(INDEX('Events 2027'!$C$5:$C$9,MATCH(G7,'Events 2027'!$A$5:$A$9,0))),"",INDEX('Events 2027'!$C$5:$C$9,MATCH(G7,'Events 2027'!$A$5:$A$9,0))) -> 5 | J7: =IF(ISERROR(ABS(I7-H7)),"",ABS(I7-H7)) -> 4 | K7: =IF(ISERROR(INDEX('Drive Times'!$D$12:$I$51,MATCH(C7,'Drive Times'!$A$12:$A$51,0),MATCH(F7,'Drive Times'!$D$11:$I$11,0))),"",INDEX('Drive Times'!$D$12:$I$51,MATCH(C7,'Drive Times'!$A$12:$A$51,0),MATCH(F7,'Drive Times'!$D$11:$I$11,0))) -> 1.351338 | L7: =IF(ISERROR(INDEX('Drive Times'!$D$12:$I$51,MATCH(C7,'Drive Times'!$A$12:$A$51,0),MATCH(G7,'Drive Times'!$D$11:$I$11,0))),"",INDEX('Drive Times'!$D$12:$I$51,MATCH(C7,'Drive Times'!$A$12:$A$51,0),MATCH(G7,'Drive Times'!$D$11:$I$11,0))) -> 0.55651636 | M7: Dalton + Columbus | N7: 1 | O7: Low | P7: Dalton: returning venue (1.4 h); Douglasville: closest open option (0.6 h); Columbus retired for 2027 | Q7: GADAL + GAGWI
A8: 1683 | B8: =INDEX(Strength!$B$2:$B$76,MATCH(A8,Strength!$A$2:$A$76,0)) -> Techno Titans | C8: =INDEX(Strength!$C$2:$C$76,MATCH(A8,Strength!$A$2:$A$76,0)) -> Johns Creek | D8: =INDEX(Strength!$U$2:$U$76,MATCH(A8,Strength!$A$2:$A$76,0)) -> 77.227564 | E8: =INDEX(Strength!$V$2:$V$76,MATCH(A8,Strength!$A$2:$A$76,0)) -> 7 | F8: GAGAI | G8: GAGWI | H8: =IF(ISERROR(INDEX('Events 2027'!$C$5:$C$9,MATCH(F8,'Events 2027'!$A$5:$A$9,0))),"",INDEX('Events 2027'!$C$5:$C$9,MATCH(F8,'Events 2027'!$A$5:$A$9,0))) -> 2 | I8: =IF(ISERROR(INDEX('Events 2027'!$C$5:$C$9,MATCH(G8,'Events 2027'!$A$5:$A$9,0))),"",INDEX('Events 2027'!$C$5:$C$9,MATCH(G8,'Events 2027'!$A$5:$A$9,0))) -> 3 | J8: =IF(ISERROR(ABS(I8-H8)),"",ABS(I8-H8)) -> 1 | K8: =IF(ISERROR(INDEX('Drive Times'!$D$12:$I$51,MATCH(C8,'Drive Times'!$A$12:$A$51,0),MATCH(F8,'Drive Times'!$D$11:$I$11,0))),"",INDEX('Drive Times'!$D$12:$I$51,MATCH(C8,'Drive Times'!$A$12:$A$51,0),MATCH(F8,'Drive Times'!$D$11:$I$11,0))) -> 0.74660485 | L8: =IF(ISERROR(INDEX('Drive Times'!$D$12:$I$51,MATCH(C8,'Drive Times'!$A$12:$A$51,0),MATCH(G8,'Drive Times'!$D$11:$I$11,0))),"",INDEX('Drive Times'!$D$12:$I$51,MATCH(C8,'Drive Times'!$A$12:$A$51,0),MATCH(G8,'Drive Times'!$D$11:$I$11,0))) -> 0.46641074 | M8: Gwinnett + Gainesville | N8: 2 | O8: High | P8: Gainesville: returning venue (0.7 h); Lawrenceville: returning venue (0.5 h) | Q8: GADAL + GAGWI
A9: 6829 | B9: =INDEX(Strength!$B$2:$B$76,MATCH(A9,Strength!$A$2:$A$76,0)) -> Ignite Robotics | C9: =INDEX(Strength!$C$2:$C$76,MATCH(A9,Strength!$A$2:$A$76,0)) -> Suwanee | D9: =INDEX(Strength!$U$2:$U$76,MATCH(A9,Strength!$A$2:$A$76,0)) -> 70.796703 | E9: =INDEX(Strength!$V$2:$V$76,MATCH(A9,Strength!$A$2:$A$76,0)) -> 8 | F9: GADAL | G9: GAALB | H9: =IF(ISERROR(INDEX('Events 2027'!$C$5:$C$9,MATCH(F9,'Events 2027'!$A$5:$A$9,0))),"",INDEX('Events 2027'!$C$5:$C$9,MATCH(F9,'Events 2027'!$A$5:$A$9,0))) -> 1 | I9: =IF(ISERROR(INDEX('Events 2027'!$C$5:$C$9,MATCH(G9,'Events 2027'!$A$5:$A$9,0))),"",INDEX('Events 2027'!$C$5:$C$9,MATCH(G9,'Events 2027'!$A$5:$A$9,0))) -> 4 | J9: =IF(ISERROR(ABS(I9-H9)),"",ABS(I9-H9)) -> 3 | K9: =IF(ISERROR(INDEX('Drive Times'!$D$12:$I$51,MATCH(C9,'Drive Times'!$A$12:$A$51,0),MATCH(F9,'Drive Times'!$D$11:$I$11,0))),"",INDEX('Drive Times'!$D$12:$I$51,MATCH(C9,'Drive Times'!$A$12:$A$51,0),MATCH(F9,'Drive Times'!$D$11:$I$11,0))) -> 1.535556 | L9: =IF(ISERROR(INDEX('Drive Times'!$D$12:$I$51,MATCH(C9,'Drive Times'!$A$12:$A$51,0),MATCH(G9,'Drive Times'!$D$11:$I$11,0))),"",INDEX('Drive Times'!$D$12:$I$51,MATCH(C9,'Drive Times'!$A$12:$A$51,0),MATCH(G9,'Drive Times'!$D$11:$I$11,0))) -> 3.3606475 | M9: Dalton + Columbus | N9: 1 | O9: Low | P9: Dalton: returning venue (1.5 h); Albany: attended before 2026 (3.4 h); Columbus retired for 2027; moved by capacity from Dalton/Lawrenceville | Q9: GADAL + GAGWI
A10: 4189 | B10: =INDEX(Strength!$B$2:$B$76,MATCH(A10,Strength!$A$2:$A$76,0)) -> Chargers | C10: =INDEX(Strength!$C$2:$C$76,MATCH(A10,Strength!$A$2:$A$76,0)) -> Jefferson | D10: =INDEX(Strength!$U$2:$U$76,MATCH(A10,Strength!$A$2:$A$76,0)) -> 66.678114 | E10: =INDEX(Strength!$V$2:$V$76,MATCH(A10,Strength!$A$2:$A$76,0)) -> 9 | F10: GAGAI | G10: GAGWI | H10: =IF(ISERROR(INDEX('Events 2027'!$C$5:$C$9,MATCH(F10,'Events 2027'!$A$5:$A$9,0))),"",INDEX('Events 2027'!$C$5:$C$9,MATCH(F10,'Events 2027'!$A$5:$A$9,0))) -> 2 | I10: =IF(ISERROR(INDEX('Events 2027'!$C$5:$C$9,MATCH(G10,'Events 2027'!$A$5:$A$9,0))),"",INDEX('Events 2027'!$C$5:$C$9,MATCH(G10,'Events 2027'!$A$5:$A$9,0))) -> 3 | J10: =IF(ISERROR(ABS(I10-H10)),"",ABS(I10-H10)) -> 1 | K10: =IF(ISERROR(INDEX('Drive Times'!$D$12:$I$51,MATCH(C10,'Drive Times'!$A$12:$A$51,0),MATCH(F10,'Drive Times'!$D$11:$I$11,0))),"",INDEX('Drive Times'!$D$12:$I$51,MATCH(C10,'Drive Times'!$A$12:$A$51,0),MATCH(F10,'Drive Times'!$D$11:$I$11,0))) -> 0.57689351 | L10: =IF(ISERROR(INDEX('Drive Times'!$D$12:$I$51,MATCH(C10,'Drive Times'!$A$12:$A$51,0),MATCH(G10,'Drive Times'!$D$11:$I$11,0))),"",INDEX('Drive Times'!$D$12:$I$51,MATCH(C10,'Drive Times'!$A$12:$A$51,0),MATCH(G10,'Drive Times'!$D$11:$I$11,0))) -> 0.70916816 | M10: Gwinnett + Gainesville | N10: 2 | O10: High | P10: Gainesville: returning venue (0.6 h); Lawrenceville: returning venue (0.7 h) | Q10: GAGAI + GADOU
A11: 4026 | B11: =INDEX(Strength!$B$2:$B$76,MATCH(A11,Strength!$A$2:$A$76,0)) -> Decatur Robotics | C11: =INDEX(Strength!$C$2:$C$76,MATCH(A11,Strength!$A$2:$A$76,0)) -> Decatur | D11: =INDEX(Strength!$U$2:$U$76,MATCH(A11,Strength!$A$2:$A$76,0)) -> 58.60348 | E11: =INDEX(Strength!$V$2:$V$76,MATCH(A11,Strength!$A$2:$A$76,0)) -> 10 | F11: GADAL | G11: GADOU | H11: =IF(ISERROR(INDEX('Events 2027'!$C$5:$C$9,MATCH(F11,'Events 2027'!$A$5:$A$9,0))),"",INDEX('Events 2027'!$C$5:$C$9,MATCH(F11,'Events 2027'!$A$5:$A$9,0))) -> 1 | I11: =IF(ISERROR(INDEX('Events 2027'!$C$5:$C$9,MATCH(G11,'Events 2027'!$A$5:$A$9,0))),"",INDEX('Events 2027'!$C$5:$C$9,MATCH(G11,'Events 2027'!$A$5:$A$9,0))) -> 5 | J11: =IF(ISERROR(ABS(I11-H11)),"",ABS(I11-H11)) -> 4 | K11: =IF(ISERROR(INDEX('Drive Times'!$D$12:$I$51,MATCH(C11,'Drive Times'!$A$12:$A$51,0),MATCH(F11,'Drive Times'!$D$11:$I$11,0))),"",INDEX('Drive Times'!$D$12:$I$51,MATCH(C11,'Drive Times'!$A$12:$A$51,0),MATCH(F11,'Drive Times'!$D$11:$I$11,0))) -> 1.6714503 | L11: =IF(ISERROR(INDEX('Drive Times'!$D$12:$I$51,MATCH(C11,'Drive Times'!$A$12:$A$51,0),MATCH(G11,'Drive Times'!$D$11:$I$11,0))),"",INDEX('Drive Times'!$D$12:$I$51,MATCH(C11,'Drive Times'!$A$12:$A$51,0),MATCH(G11,'Drive Times'!$D$11:$I$11,0))) -> 0.70312585 | M11: Dalton + Columbus | N11: 1 | O11: Low | P11: Dalton: returning venue (1.7 h); Douglasville: closest open option (0.7 h); Columbus retired for 2027; moved by capacity from Dalton/Lawrenceville | Q11: GADAL + GAGWI
A12: 832 | B12: =INDEX(Strength!$B$2:$B$76,MATCH(A12,Strength!$A$2:$A$76,0)) -> OSCAR | C12: =INDEX(Strength!$C$2:$C$76,MATCH(A12,Strength!$A$2:$A$76,0)) -> Roswell | D12: =INDEX(Strength!$U$2:$U$76,MATCH(A12,Strength!$A$2:$A$76,0)) -> 57.284799 | E12: =INDEX(Strength!$V$2:$V$76,MATCH(A12,Strength!$A$2:$A$76,0)) -> 11 | F12: GADAL | G12: GADOU | H12: =IF(ISERROR(INDEX('Events 2027'!$C$5:$C$9,MATCH(F12,'Events 2027'!$A$5:$A$9,0))),"",INDEX('Events 2027'!$C$5:$C$9,MATCH(F12,'Events 2027'!$A$5:$A$9,0))) -> 1 | I12: =IF(ISERROR(INDEX('Events 2027'!$C$5:$C$9,MATCH(G12,'Events 2027'!$A$5:$A$9,0))),"",INDEX('Events 2027'!$C$5:$C$9,MATCH(G12,'Events 2027'!$A$5:$A$9,0))) -> 5 | J12: =IF(ISERROR(ABS(I12-H12)),"",ABS(I12-H12)) -> 4 | K12: =IF(ISERROR(INDEX('Drive Times'!$D$12:$I$51,MATCH(C12,'Drive Times'!$A$12:$A$51,0),MATCH(F12,'Drive Times'!$D$11:$I$11,0))),"",INDEX('Drive Times'!$D$12:$I$51,MATCH(C12,'Drive Times'!$A$12:$A$51,0),MATCH(F12,'Drive Times'!$D$11:$I$11,0))) -> 1.3669289 | L12: =IF(ISERROR(INDEX('Drive Times'!$D$12:$I$51,MATCH(C12,'Drive Times'!$A$12:$A$51,0),MATCH(G12,'Drive Times'!$D$11:$I$11,0))),"",INDEX('Drive Times'!$D$12:$I$51,MATCH(C12,'Drive Times'!$A$12:$A$51,0),MATCH(G12,'Drive Times'!$D$11:$I$11,0))) -> 0.75882023 | M12: Dalton + Columbus | N12: 1 | O12: Low | P12: Dalton: returning venue (1.4 h); Douglasville: closest open option (0.8 h); Columbus retired for 2027; moved by capacity from Dalton/Lawrenceville | Q12: GADAL + GAGWI
A13: 1648 | B13: =INDEX(Strength!$B$2:$B$76,MATCH(A13,Strength!$A$2:$A$76,0)) -> G3 Robotics | C13: =INDEX(Strength!$C$2:$C$76,MATCH(A13,Strength!$A$2:$A$76,0)) -> Atlanta | D13: =INDEX(Strength!$U$2:$U$76,MATCH(A13,Strength!$A$2:$A$76,0)) -> 55.641026 | E13: =INDEX(Strength!$V$2:$V$76,MATCH(A13,Strength!$A$2:$A$76,0)) -> 12 | F13: GADAL | G13: GAALB | H13: =IF(ISERROR(INDEX('Events 2027'!$C$5:$C$9,MATCH(F13,'Events 2027'!$A$5:$A$9,0))),"",INDEX('Events 2027'!$C$5:$C$9,MATCH(F13,'Events 2027'!$A$5:$A$9,0))) -> 1 | I13: =IF(ISERROR(INDEX('Events 2027'!$C$5:$C$9,MATCH(G13,'Events 2027'!$A$5:$A$9,0))),"",INDEX('Events 2027'!$C$5:$C$9,MATCH(G13,'Events 2027'!$A$5:$A$9,0))) -> 4 | J13: =IF(ISERROR(ABS(I13-H13)),"",ABS(I13-H13)) -> 3 | K13: =IF(ISERROR(INDEX('Drive Times'!$D$12:$I$51,MATCH(C13,'Drive Times'!$A$12:$A$51,0),MATCH(F13,'Drive Times'!$D$11:$I$11,0))),"",INDEX('Drive Times'!$D$12:$I$51,MATCH(C13,'Drive Times'!$A$12:$A$51,0),MATCH(F13,'Drive Times'!$D$11:$I$11,0))) -> 1.6567046 | L13: =IF(ISERROR(INDEX('Drive Times'!$D$12:$I$51,MATCH(C13,'Drive Times'!$A$12:$A$51,0),MATCH(G13,'Drive Times'!$D$11:$I$11,0))),"",INDEX('Drive Times'!$D$12:$I$51,MATCH(C13,'Drive Times'!$A$12:$A$51,0),MATCH(G13,'Drive Times'!$D$11:$I$11,0))) -> 2.9879614 | M13: Gwinnett + Albany | N13: 1 | O13: Low | P13: Dalton: attended before 2026 (1.7 h); Albany: returning venue (3.0 h); moved by capacity from Dalton/Lawrenceville | Q13: GADAL + GAGWI
... A75: 1795 | B75: =INDEX(Strength!$B$2:$B$76,MATCH(A75,Strength!$A$2:$A$76,0)) -> Carver Clutch | C75: =INDEX(Strength!$C$2:$C$76,MATCH(A75,Strength!$A$2:$A$76,0)) -> Atlanta | D75: =INDEX(Strength!$U$2:$U$76,MATCH(A75,Strength!$A$2:$A$76,0)) -> 0 | E75: =INDEX(Strength!$V$2:$V$76,MATCH(A75,Strength!$A$2:$A$76,0)) -> 74 | F75: GAGAI | G75: GAGWI | H75: =IF(ISERROR(INDEX('Events 2027'!$C$5:$C$9,MATCH(F75,'Events 2027'!$A$5:$A$9,0))),"",INDEX('Events 2027'!$C$5:$C$9,MATCH(F75,'Events 2027'!$A$5:$A$9,0))) -> 2 | I75: =IF(ISERROR(INDEX('Events 2027'!$C$5:$C$9,MATCH(G75,'Events 2027'!$A$5:$A$9,0))),"",INDEX('Events 2027'!$C$5:$C$9,MATCH(G75,'Events 2027'!$A$5:$A$9,0))) -> 3 | J75: =IF(ISERROR(ABS(I75-H75)),"",ABS(I75-H75)) -> 1 | K75: =IF(ISERROR(INDEX('Drive Times'!$D$12:$I$51,MATCH(C75,'Drive Times'!$A$12:$A$51,0),MATCH(F75,'Drive Times'!$D$11:$I$11,0))),"",INDEX('Drive Times'!$D$12:$I$51,MATCH(C75,'Drive Times'!$A$12:$A$51,0),MATCH(F75,'Drive Times'!$D$11:$I$11,0))) -> 1.140498 | L75: =IF(ISERROR(INDEX('Drive Times'!$D$12:$I$51,MATCH(C75,'Drive Times'!$A$12:$A$51,0),MATCH(G75,'Drive Times'!$D$11:$I$11,0))),"",INDEX('Drive Times'!$D$12:$I$51,MATCH(C75,'Drive Times'!$A$12:$A$51,0),MATCH(G75,'Drive Times'!$D$11:$I$11,0))) -> 0.72301357 | M75: Gwinnett + Gainesville | N75: 2 | O75: Medium | P75: Gainesville: returning venue (1.1 h); Lawrenceville: returning venue (0.7 h) | Q75: GAGWI + GADOU
A77: Blue event codes are model outputs you can override; weeks, drive times, densities and the planner recalculate. Codes: GADAL Dalton W1, GAGAI Gainesville W2, GAGWI Gwinnett W3, GAALB Albany W4, GADOU Douglasville W5.

Sheet Fields 2027
A1: Predicted fields — cell shows the team's blended strength if forecast to attend (live from Forecast 2027)
A2: Team | B2: Strength rank | C2: Strength | D2: GADAL (Dalton W1) | E2: GAGAI (Gainesville W2) | F2: GAGWI (Lawrenceville W3) | G2: GAALB (Albany W4) | H2: GADOU (Douglasville W5)
A3: ='Forecast 2027'!A2 -> 1833 | B3: ='Forecast 2027'!E2 -> 1 | C3: ='Forecast 2027'!D2 -> 100 | D3: =IF(OR('Forecast 2027'!$F2="GADAL",'Forecast 2027'!$G2="GADAL"),'Forecast 2027'!$D2,"") | E3: =IF(OR('Forecast 2027'!$F2="GAGAI",'Forecast 2027'!$G2="GAGAI"),'Forecast 2027'!$D2,"") -> 100 | F3: =IF(OR('Forecast 2027'!$F2="GAGWI",'Forecast 2027'!$G2="GAGWI"),'Forecast 2027'!$D2,"") -> 100 | G3: =IF(OR('Forecast 2027'!$F2="GAALB",'Forecast 2027'!$G2="GAALB"),'Forecast 2027'!$D2,"") | H3: =IF(OR('Forecast 2027'!$F2="GADOU",'Forecast 2027'!$G2="GADOU"),'Forecast 2027'!$D2,"")
A4: ='Forecast 2027'!A3 -> 4188 | B4: ='Forecast 2027'!E3 -> 2 | C4: ='Forecast 2027'!D3 -> 93.195971 | D4: =IF(OR('Forecast 2027'!$F3="GADAL",'Forecast 2027'!$G3="GADAL"),'Forecast 2027'!$D3,"") | E4: =IF(OR('Forecast 2027'!$F3="GAGAI",'Forecast 2027'!$G3="GAGAI"),'Forecast 2027'!$D3,"") | F4: =IF(OR('Forecast 2027'!$F3="GAGWI",'Forecast 2027'!$G3="GAGWI"),'Forecast 2027'!$D3,"") | G4: =IF(OR('Forecast 2027'!$F3="GAALB",'Forecast 2027'!$G3="GAALB"),'Forecast 2027'!$D3,"") -> 93.195971 | H4: =IF(OR('Forecast 2027'!$F3="GADOU",'Forecast 2027'!$G3="GADOU"),'Forecast 2027'!$D3,"") -> 93.195971
A5: ='Forecast 2027'!A4 -> 1002 | B5: ='Forecast 2027'!E4 -> 3 | C5: ='Forecast 2027'!D4 -> 93.014811 | D5: =IF(OR('Forecast 2027'!$F4="GADAL",'Forecast 2027'!$G4="GADAL"),'Forecast 2027'!$D4,"") -> 93.014811 | E5: =IF(OR('Forecast 2027'!$F4="GAGAI",'Forecast 2027'!$G4="GAGAI"),'Forecast 2027'!$D4,"") | F5: =IF(OR('Forecast 2027'!$F4="GAGWI",'Forecast 2027'!$G4="GAGWI"),'Forecast 2027'!$D4,"") | G5: =IF(OR('Forecast 2027'!$F4="GAALB",'Forecast 2027'!$G4="GAALB"),'Forecast 2027'!$D4,"") -> 93.014811 | H5: =IF(OR('Forecast 2027'!$F4="GADOU",'Forecast 2027'!$G4="GADOU"),'Forecast 2027'!$D4,"")
A6: ='Forecast 2027'!A5 -> 6919 | B6: ='Forecast 2027'!E5 -> 4 | C6: ='Forecast 2027'!D5 -> 86.620879 | D6: =IF(OR('Forecast 2027'!$F5="GADAL",'Forecast 2027'!$G5="GADAL"),'Forecast 2027'!$D5,"") -> 86.620879 | E6: =IF(OR('Forecast 2027'!$F5="GAGAI",'Forecast 2027'!$G5="GAGAI"),'Forecast 2027'!$D5,"") | F6: =IF(OR('Forecast 2027'!$F5="GAGWI",'Forecast 2027'!$G5="GAGWI"),'Forecast 2027'!$D5,"") | G6: =IF(OR('Forecast 2027'!$F5="GAALB",'Forecast 2027'!$G5="GAALB"),'Forecast 2027'!$D5,"") -> 86.620879 | H6: =IF(OR('Forecast 2027'!$F5="GADOU",'Forecast 2027'!$G5="GADOU"),'Forecast 2027'!$D5,"")
A7: ='Forecast 2027'!A6 -> 1771 | B7: ='Forecast 2027'!E6 -> 5 | C7: ='Forecast 2027'!D6 -> 84.194139 | D7: =IF(OR('Forecast 2027'!$F6="GADAL",'Forecast 2027'!$G6="GADAL"),'Forecast 2027'!$D6,"") | E7: =IF(OR('Forecast 2027'!$F6="GAGAI",'Forecast 2027'!$G6="GAGAI"),'Forecast 2027'!$D6,"") | F7: =IF(OR('Forecast 2027'!$F6="GAGWI",'Forecast 2027'!$G6="GAGWI"),'Forecast 2027'!$D6,"") -> 84.194139 | G7: =IF(OR('Forecast 2027'!$F6="GAALB",'Forecast 2027'!$G6="GAALB"),'Forecast 2027'!$D6,"") -> 84.194139 | H7: =IF(OR('Forecast 2027'!$F6="GADOU",'Forecast 2027'!$G6="GADOU"),'Forecast 2027'!$D6,"")
A8: ='Forecast 2027'!A7 -> 2974 | B8: ='Forecast 2027'!E7 -> 6 | C8: ='Forecast 2027'!D7 -> 82.097468 | D8: =IF(OR('Forecast 2027'!$F7="GADAL",'Forecast 2027'!$G7="GADAL"),'Forecast 2027'!$D7,"") -> 82.097468 | E8: =IF(OR('Forecast 2027'!$F7="GAGAI",'Forecast 2027'!$G7="GAGAI"),'Forecast 2027'!$D7,"") | F8: =IF(OR('Forecast 2027'!$F7="GAGWI",'Forecast 2027'!$G7="GAGWI"),'Forecast 2027'!$D7,"") | G8: =IF(OR('Forecast 2027'!$F7="GAALB",'Forecast 2027'!$G7="GAALB"),'Forecast 2027'!$D7,"") | H8: =IF(OR('Forecast 2027'!$F7="GADOU",'Forecast 2027'!$G7="GADOU"),'Forecast 2027'!$D7,"") -> 82.097468
A9: ='Forecast 2027'!A8 -> 1683 | B9: ='Forecast 2027'!E8 -> 7 | C9: ='Forecast 2027'!D8 -> 77.227564 | D9: =IF(OR('Forecast 2027'!$F8="GADAL",'Forecast 2027'!$G8="GADAL"),'Forecast 2027'!$D8,"") | E9: =IF(OR('Forecast 2027'!$F8="GAGAI",'Forecast 2027'!$G8="GAGAI"),'Forecast 2027'!$D8,"") -> 77.227564 | F9: =IF(OR('Forecast 2027'!$F8="GAGWI",'Forecast 2027'!$G8="GAGWI"),'Forecast 2027'!$D8,"") -> 77.227564 | G9: =IF(OR('Forecast 2027'!$F8="GAALB",'Forecast 2027'!$G8="GAALB"),'Forecast 2027'!$D8,"") | H9: =IF(OR('Forecast 2027'!$F8="GADOU",'Forecast 2027'!$G8="GADOU"),'Forecast 2027'!$D8,"")
A10: ='Forecast 2027'!A9 -> 6829 | B10: ='Forecast 2027'!E9 -> 8 | C10: ='Forecast 2027'!D9 -> 70.796703 | D10: =IF(OR('Forecast 2027'!$F9="GADAL",'Forecast 2027'!$G9="GADAL"),'Forecast 2027'!$D9,"") -> 70.796703 | E10: =IF(OR('Forecast 2027'!$F9="GAGAI",'Forecast 2027'!$G9="GAGAI"),'Forecast 2027'!$D9,"") | F10: =IF(OR('Forecast 2027'!$F9="GAGWI",'Forecast 2027'!$G9="GAGWI"),'Forecast 2027'!$D9,"") | G10: =IF(OR('Forecast 2027'!$F9="GAALB",'Forecast 2027'!$G9="GAALB"),'Forecast 2027'!$D9,"") -> 70.796703 | H10: =IF(OR('Forecast 2027'!$F9="GADOU",'Forecast 2027'!$G9="GADOU"),'Forecast 2027'!$D9,"")
A11: ='Forecast 2027'!A10 -> 4189 | B11: ='Forecast 2027'!E10 -> 9 | C11: ='Forecast 2027'!D10 -> 66.678114 | D11: =IF(OR('Forecast 2027'!$F10="GADAL",'Forecast 2027'!$G10="GADAL"),'Forecast 2027'!$D10,"") | E11: =IF(OR('Forecast 2027'!$F10="GAGAI",'Forecast 2027'!$G10="GAGAI"),'Forecast 2027'!$D10,"") -> 66.678114 | F11: =IF(OR('Forecast 2027'!$F10="GAGWI",'Forecast 2027'!$G10="GAGWI"),'Forecast 2027'!$D10,"") -> 66.678114 | G11: =IF(OR('Forecast 2027'!$F10="GAALB",'Forecast 2027'!$G10="GAALB"),'Forecast 2027'!$D10,"") | H11: =IF(OR('Forecast 2027'!$F10="GADOU",'Forecast 2027'!$G10="GADOU"),'Forecast 2027'!$D10,"")
A12: ='Forecast 2027'!A11 -> 4026 | B12: ='Forecast 2027'!E11 -> 10 | C12: ='Forecast 2027'!D11 -> 58.60348 | D12: =IF(OR('Forecast 2027'!$F11="GADAL",'Forecast 2027'!$G11="GADAL"),'Forecast 2027'!$D11,"") -> 58.60348 | E12: =IF(OR('Forecast 2027'!$F11="GAGAI",'Forecast 2027'!$G11="GAGAI"),'Forecast 2027'!$D11,"") | F12: =IF(OR('Forecast 2027'!$F11="GAGWI",'Forecast 2027'!$G11="GAGWI"),'Forecast 2027'!$D11,"") | G12: =IF(OR('Forecast 2027'!$F11="GAALB",'Forecast 2027'!$G11="GAALB"),'Forecast 2027'!$D11,"") | H12: =IF(OR('Forecast 2027'!$F11="GADOU",'Forecast 2027'!$G11="GADOU"),'Forecast 2027'!$D11,"") -> 58.60348
A13: ='Forecast 2027'!A12 -> 832 | B13: ='Forecast 2027'!E12 -> 11 | C13: ='Forecast 2027'!D12 -> 57.284799 | D13: =IF(OR('Forecast 2027'!$F12="GADAL",'Forecast 2027'!$G12="GADAL"),'Forecast 2027'!$D12,"") -> 57.284799 | E13: =IF(OR('Forecast 2027'!$F12="GAGAI",'Forecast 2027'!$G12="GAGAI"),'Forecast 2027'!$D12,"") | F13: =IF(OR('Forecast 2027'!$F12="GAGWI",'Forecast 2027'!$G12="GAGWI"),'Forecast 2027'!$D12,"") | G13: =IF(OR('Forecast 2027'!$F12="GAALB",'Forecast 2027'!$G12="GAALB"),'Forecast 2027'!$D12,"") | H13: =IF(OR('Forecast 2027'!$F12="GADOU",'Forecast 2027'!$G12="GADOU"),'Forecast 2027'!$D12,"") -> 57.284799
A14: ='Forecast 2027'!A13 -> 1648 | B14: ='Forecast 2027'!E13 -> 12 | C14: ='Forecast 2027'!D13 -> 55.641026 | D14: =IF(OR('Forecast 2027'!$F13="GADAL",'Forecast 2027'!$G13="GADAL"),'Forecast 2027'!$D13,"") -> 55.641026 | E14: =IF(OR('Forecast 2027'!$F13="GAGAI",'Forecast 2027'!$G13="GAGAI"),'Forecast 2027'!$D13,"") | F14: =IF(OR('Forecast 2027'!$F13="GAGWI",'Forecast 2027'!$G13="GAGWI"),'Forecast 2027'!$D13,"") | G14: =IF(OR('Forecast 2027'!$F13="GAALB",'Forecast 2027'!$G13="GAALB"),'Forecast 2027'!$D13,"") -> 55.641026 | H14: =IF(OR('Forecast 2027'!$F13="GADOU",'Forecast 2027'!$G13="GADOU"),'Forecast 2027'!$D13,"")
... A76: ='Forecast 2027'!A75 -> 1795 | B76: ='Forecast 2027'!E75 -> 74 | C76: ='Forecast 2027'!D75 -> 0 | D76: =IF(OR('Forecast 2027'!$F75="GADAL",'Forecast 2027'!$G75="GADAL"),'Forecast 2027'!$D75,"") | E76: =IF(OR('Forecast 2027'!$F75="GAGAI",'Forecast 2027'!$G75="GAGAI"),'Forecast 2027'!$D75,"") -> 0 | F76: =IF(OR('Forecast 2027'!$F75="GAGWI",'Forecast 2027'!$G75="GAGWI"),'Forecast 2027'!$D75,"") -> 0 | G76: =IF(OR('Forecast 2027'!$F75="GAALB",'Forecast 2027'!$G75="GAALB"),'Forecast 2027'!$D75,"") | H76: =IF(OR('Forecast 2027'!$F75="GADOU",'Forecast 2027'!$G75="GADOU"),'Forecast 2027'!$D75,"")

Sheet Strength
A1: Team | B1: Name | C1: City | D1: 2026 district rank | E1: 2026 district pts | F1: Event 1 | G1: E1 pts | H1: Event 2 | I1: E2 pts | J1: Other pts | K1: DCMP pts | L1: Qual W | M1: Qual L | N1: Qual T | O1: Qual win % | P1: Avg pts / event | Q1: Statbotics EPA (enter) | R1: Scaled pts | S1: Scaled win % | T1: Scaled EPA | U1: Blended strength | V1: Strength rank
A2: 1833 | B2: Team BEAN | C2: Cumming | D2: 1 | E2: 365 | F2: GAGWI | G2: 76 | H2: GAGAI | I2: 73 | J2: 0 | K2: 216 | L2: =SUMIF('Results 2026'!$B$2:$B$149,A2,'Results 2026'!$C$2:$C$149) -> 24 | M2: =SUMIF('Results 2026'!$B$2:$B$149,A2,'Results 2026'!$D$2:$D$149) -> 0 | N2: =SUMIF('Results 2026'!$B$2:$B$149,A2,'Results 2026'!$E$2:$E$149) -> 0 | O2: =IF(ISERROR((L2+0.5*N2)/(L2+M2+N2)),0,(L2+0.5*N2)/(L2+M2+N2)) -> 1 | P2: =(G2+I2)/2 -> 74.5 | R2: =100*(P2-MIN($P$2:$P$75))/(MAX($P$2:$P$75)-MIN($P$2:$P$75)) -> 100 | S2: =100*(O2-MIN($O$2:$O$75))/(MAX($O$2:$O$75)-MIN($O$2:$O$75)) -> 100 | T2: =IF(OR(Q2="",COUNT($Q$2:$Q$75)<2),"",100*(Q2-MIN($Q$2:$Q$75))/(MAX($Q$2:$Q$75)-MIN($Q$2:$Q$75))) | U2: =(Assumptions!$B$4*R2+Assumptions!$B$5*S2+IF(T2="",0,Assumptions!$B$6*T2))/(Assumptions!$B$4+Assumptions!$B$5+IF(T2="",0,Assumptions!$B$6)) -> 100 | V2: =RANK(U2,$U$2:$U$75)+COUNTIF($U$2:U2,U2)-1 -> 1
A3: 1771 | B3: North Gwinnett Robotics | C3: Suwanee | D3: 2 | E3: 336 | F3: GAGWI | G3: 72 | H3: GAALB | I3: 60 | J3: 0 | K3: 204 | L3: =SUMIF('Results 2026'!$B$2:$B$149,A3,'Results 2026'!$C$2:$C$149) -> 20 | M3: =SUMIF('Results 2026'!$B$2:$B$149,A3,'Results 2026'!$D$2:$D$149) -> 4 | N3: =SUMIF('Results 2026'!$B$2:$B$149,A3,'Results 2026'!$E$2:$E$149) -> 0 | O3: =IF(ISERROR((L3+0.5*N3)/(L3+M3+N3)),0,(L3+0.5*N3)/(L3+M3+N3)) -> 0.83333333 | P3: =(G3+I3)/2 -> 66 | R3: =100*(P3-MIN($P$2:$P$75))/(MAX($P$2:$P$75)-MIN($P$2:$P$75)) -> 87.857143 | S3: =100*(O3-MIN($O$2:$O$75))/(MAX($O$2:$O$75)-MIN($O$2:$O$75)) -> 78.333333 | T3: =IF(OR(Q3="",COUNT($Q$2:$Q$75)<2),"",100*(Q3-MIN($Q$2:$Q$75))/(MAX($Q$2:$Q$75)-MIN($Q$2:$Q$75))) | U3: =(Assumptions!$B$4*R3+Assumptions!$B$5*S3+IF(T3="",0,Assumptions!$B$6*T3))/(Assumptions!$B$4+Assumptions!$B$5+IF(T3="",0,Assumptions!$B$6)) -> 84.194139 | V3: =RANK(U3,$U$2:$U$75)+COUNTIF($U$2:U3,U3)-1 -> 5
A4: 6919 | B4: The Commodores | C4: Albany | D4: 3 | E4: 324 | F4: GADAL | G4: 73 | H4: GAALB | I4: 74 | J4: 0 | K4: 177 | L4: =SUMIF('Results 2026'!$B$2:$B$149,A4,'Results 2026'!$C$2:$C$149) -> 18 | M4: =SUMIF('Results 2026'!$B$2:$B$149,A4,'Results 2026'!$D$2:$D$149) -> 6 | N4: =SUMIF('Results 2026'!$B$2:$B$149,A4,'Results 2026'!$E$2:$E$149) -> 0 | O4: =IF(ISERROR((L4+0.5*N4)/(L4+M4+N4)),0,(L4+0.5*N4)/(L4+M4+N4)) -> 0.75 | P4: =(G4+I4)/2 -> 73.5 | R4: =100*(P4-MIN($P$2:$P$75))/(MAX($P$2:$P$75)-MIN($P$2:$P$75)) -> 98.571429 | S4: =100*(O4-MIN($O$2:$O$75))/(MAX($O$2:$O$75)-MIN($O$2:$O$75)) -> 67.5 | T4: =IF(OR(Q4="",COUNT($Q$2:$Q$75)<2),"",100*(Q4-MIN($Q$2:$Q$75))/(MAX($Q$2:$Q$75)-MIN($Q$2:$Q$75))) | U4: =(Assumptions!$B$4*R4+Assumptions!$B$5*S4+IF(T4="",0,Assumptions!$B$6*T4))/(Assumptions!$B$4+Assumptions!$B$5+IF(T4="",0,Assumptions!$B$6)) -> 86.620879 | V4: =RANK(U4,$U$2:$U$75)+COUNTIF($U$2:U4,U4)-1 -> 4
A5: 1002 | B5: CircuitRunners Robotics | C5: Marietta | D5: 4 | E5: 323 | F5: GADAL | G5: 72 | H5: GAALB | I5: 71 | J5: 0 | K5: 180 | L5: =SUMIF('Results 2026'!$B$2:$B$149,A5,'Results 2026'!$C$2:$C$149) -> 21 | M5: =SUMIF('Results 2026'!$B$2:$B$149,A5,'Results 2026'!$D$2:$D$149) -> 2 | N5: =SUMIF('Results 2026'!$B$2:$B$149,A5,'Results 2026'!$E$2:$E$149) -> 0 | O5: =IF(ISERROR((L5+0.5*N5)/(L5+M5+N5)),0,(L5+0.5*N5)/(L5+M5+N5)) -> 0.91304348 | P5: =(G5+I5)/2 -> 71.5 | R5: =100*(P5-MIN($P$2:$P$75))/(MAX($P$2:$P$75)-MIN($P$2:$P$75)) -> 95.714286 | S5: =100*(O5-MIN($O$2:$O$75))/(MAX($O$2:$O$75)-MIN($O$2:$O$75)) -> 88.695652 | T5: =IF(OR(Q5="",COUNT($Q$2:$Q$75)<2),"",100*(Q5-MIN($Q$2:$Q$75))/(MAX($Q$2:$Q$75)-MIN($Q$2:$Q$75))) | U5: =(Assumptions!$B$4*R5+Assumptions!$B$5*S5+IF(T5="",0,Assumptions!$B$6*T5))/(Assumptions!$B$4+Assumptions!$B$5+IF(T5="",0,Assumptions!$B$6)) -> 93.014811 | V5: =RANK(U5,$U$2:$U$75)+COUNTIF($U$2:U5,U5)-1 -> 3
A6: 4188 | B6: Columbus Space Program | C6: Columbus | D6: 5 | E6: 305 | F6: GACOL | G6: 77 | H6: GAALB | I6: 66 | J6: 0 | K6: 162 | L6: =SUMIF('Results 2026'!$B$2:$B$149,A6,'Results 2026'!$C$2:$C$149) -> 22 | M6: =SUMIF('Results 2026'!$B$2:$B$149,A6,'Results 2026'!$D$2:$D$149) -> 2 | N6: =SUMIF('Results 2026'!$B$2:$B$149,A6,'Results 2026'!$E$2:$E$149) -> 0 | O6: =IF(ISERROR((L6+0.5*N6)/(L6+M6+N6)),0,(L6+0.5*N6)/(L6+M6+N6)) -> 0.91666667 | P6: =(G6+I6)/2 -> 71.5 | R6: =100*(P6-MIN($P$2:$P$75))/(MAX($P$2:$P$75)-MIN($P$2:$P$75)) -> 95.714286 | S6: =100*(O6-MIN($O$2:$O$75))/(MAX($O$2:$O$75)-MIN($O$2:$O$75)) -> 89.166667 | T6: =IF(OR(Q6="",COUNT($Q$2:$Q$75)<2),"",100*(Q6-MIN($Q$2:$Q$75))/(MAX($Q$2:$Q$75)-MIN($Q$2:$Q$75))) | U6: =(Assumptions!$B$4*R6+Assumptions!$B$5*S6+IF(T6="",0,Assumptions!$B$6*T6))/(Assumptions!$B$4+Assumptions!$B$5+IF(T6="",0,Assumptions!$B$6)) -> 93.195971 | V6: =RANK(U6,$U$2:$U$75)+COUNTIF($U$2:U6,U6)-1 -> 2
A7: 2974 | B7: Walton Robotics | C7: Marietta | D7: 6 | E7: 274 | F7: GADAL | G7: 60 | H7: GACOL | I7: 73 | J7: 0 | K7: 141 | L7: =SUMIF('Results 2026'!$B$2:$B$149,A7,'Results 2026'!$C$2:$C$149) -> 18 | M7: =SUMIF('Results 2026'!$B$2:$B$149,A7,'Results 2026'!$D$2:$D$149) -> 5 | N7: =SUMIF('Results 2026'!$B$2:$B$149,A7,'Results 2026'!$E$2:$E$149) -> 0 | O7: =IF(ISERROR((L7+0.5*N7)/(L7+M7+N7)),0,(L7+0.5*N7)/(L7+M7+N7)) -> 0.7826087 | P7: =(G7+I7)/2 -> 66.5 | R7: =100*(P7-MIN($P$2:$P$75))/(MAX($P$2:$P$75)-MIN($P$2:$P$75)) -> 88.571429 | S7: =100*(O7-MIN($O$2:$O$75))/(MAX($O$2:$O$75)-MIN($O$2:$O$75)) -> 71.73913 | T7: =IF(OR(Q7="",COUNT($Q$2:$Q$75)<2),"",100*(Q7-MIN($Q$2:$Q$75))/(MAX($Q$2:$Q$75)-MIN($Q$2:$Q$75))) | U7: =(Assumptions!$B$4*R7+Assumptions!$B$5*S7+IF(T7="",0,Assumptions!$B$6*T7))/(Assumptions!$B$4+Assumptions!$B$5+IF(T7="",0,Assumptions!$B$6)) -> 82.097468 | V7: =RANK(U7,$U$2:$U$75)+COUNTIF($U$2:U7,U7)-1 -> 6
A8: 4189 | B8: Chargers | C8: Jefferson | D8: 7 | E8: 227 | F8: GAGWI | G8: 50 | H8: GAGAI | I8: 54 | J8: 0 | K8: 123 | L8: =SUMIF('Results 2026'!$B$2:$B$149,A8,'Results 2026'!$C$2:$C$149) -> 17 | M8: =SUMIF('Results 2026'!$B$2:$B$149,A8,'Results 2026'!$D$2:$D$149) -> 6 | N8: =SUMIF('Results 2026'!$B$2:$B$149,A8,'Results 2026'!$E$2:$E$149) -> 1 | O8: =IF(ISERROR((L8+0.5*N8)/(L8+M8+N8)),0,(L8+0.5*N8)/(L8+M8+N8)) -> 0.72916667 | P8: =(G8+I8)/2 -> 52 | R8: =100*(P8-MIN($P$2:$P$75))/(MAX($P$2:$P$75)-MIN($P$2:$P$75)) -> 67.857143 | S8: =100*(O8-MIN($O$2:$O$75))/(MAX($O$2:$O$75)-MIN($O$2:$O$75)) -> 64.791667 | T8: =IF(OR(Q8="",COUNT($Q$2:$Q$75)<2),"",100*(Q8-MIN($Q$2:$Q$75))/(MAX($Q$2:$Q$75)-MIN($Q$2:$Q$75))) | U8: =(Assumptions!$B$4*R8+Assumptions!$B$5*S8+IF(T8="",0,Assumptions!$B$6*T8))/(Assumptions!$B$4+Assumptions!$B$5+IF(T8="",0,Assumptions!$B$6)) -> 66.678114 | V8: =RANK(U8,$U$2:$U$75)+COUNTIF($U$2:U8,U8)-1 -> 9
A9: 1261 | B9: Robo Lions Team1261 | C9: Suwanee | D9: 8 | E9: 217 | F9: GAGWI | G9: 51 | H9: GAALB | I9: 40 | J9: 0 | K9: 126 | L9: =SUMIF('Results 2026'!$B$2:$B$149,A9,'Results 2026'!$C$2:$C$149) -> 14 | M9: =SUMIF('Results 2026'!$B$2:$B$149,A9,'Results 2026'!$D$2:$D$149) -> 10 | N9: =SUMIF('Results 2026'!$B$2:$B$149,A9,'Results 2026'!$E$2:$E$149) -> 0 | O9: =IF(ISERROR((L9+0.5*N9)/(L9+M9+N9)),0,(L9+0.5*N9)/(L9+M9+N9)) -> 0.58333333 | P9: =(G9+I9)/2 -> 45.5 | R9: =100*(P9-MIN($P$2:$P$75))/(MAX($P$2:$P$75)-MIN($P$2:$P$75)) -> 58.571429 | S9: =100*(O9-MIN($O$2:$O$75))/(MAX($O$2:$O$75)-MIN($O$2:$O$75)) -> 45.833333 | T9: =IF(OR(Q9="",COUNT($Q$2:$Q$75)<2),"",100*(Q9-MIN($Q$2:$Q$75))/(MAX($Q$2:$Q$75)-MIN($Q$2:$Q$75))) | U9: =(Assumptions!$B$4*R9+Assumptions!$B$5*S9+IF(T9="",0,Assumptions!$B$6*T9))/(Assumptions!$B$4+Assumptions!$B$5+IF(T9="",0,Assumptions!$B$6)) -> 53.672161 | V9: =RANK(U9,$U$2:$U$75)+COUNTIF($U$2:U9,U9)-1 -> 15
A10: 4509 | B10: Mechanical Bulls | C10: Sugar Hill | D10: 9 | E10: 213 | F10: GAGWI | G10: 46 | H10: GAGAI | I10: 38 | J10: 0 | K10: 129 | L10: =SUMIF('Results 2026'!$B$2:$B$149,A10,'Results 2026'!$C$2:$C$149) -> 15 | M10: =SUMIF('Results 2026'!$B$2:$B$149,A10,'Results 2026'!$D$2:$D$149) -> 7 | N10: =SUMIF('Results 2026'!$B$2:$B$149,A10,'Results 2026'!$E$2:$E$149) -> 1 | O10: =IF(ISERROR((L10+0.5*N10)/(L10+M10+N10)),0,(L10+0.5*N10)/(L10+M10+N10)) -> 0.67391304 | P10: =(G10+I10)/2 -> 42 | R10: =100*(P10-MIN($P$2:$P$75))/(MAX($P$2:$P$75)-MIN($P$2:$P$75)) -> 53.571429 | S10: =100*(O10-MIN($O$2:$O$75))/(MAX($O$2:$O$75)-MIN($O$2:$O$75)) -> 57.608696 | T10: =IF(OR(Q10="",COUNT($Q$2:$Q$75)<2),"",100*(Q10-MIN($Q$2:$Q$75))/(MAX($Q$2:$Q$75)-MIN($Q$2:$Q$75))) | U10: =(Assumptions!$B$4*R10+Assumptions!$B$5*S10+IF(T10="",0,Assumptions!$B$6*T10))/(Assumptions!$B$4+Assumptions!$B$5+IF(T10="",0,Assumptions!$B$6)) -> 55.124224 | V10: =RANK(U10,$U$2:$U$75)+COUNTIF($U$2:U10,U10)-1 -> 13
A11: 6829 | B11: Ignite Robotics | C11: Suwanee | D11: 10 | E11: 207 | F11: GADAL | G11: 60 | H11: GACOL | I11: 51 | J11: 0 | K11: 96 | L11: =SUMIF('Results 2026'!$B$2:$B$149,A11,'Results 2026'!$C$2:$C$149) -> 18 | M11: =SUMIF('Results 2026'!$B$2:$B$149,A11,'Results 2026'!$D$2:$D$149) -> 6 | N11: =SUMIF('Results 2026'!$B$2:$B$149,A11,'Results 2026'!$E$2:$E$149) -> 0 | O11: =IF(ISERROR((L11+0.5*N11)/(L11+M11+N11)),0,(L11+0.5*N11)/(L11+M11+N11)) -> 0.75 | P11: =(G11+I11)/2 -> 55.5 | R11: =100*(P11-MIN($P$2:$P$75))/(MAX($P$2:$P$75)-MIN($P$2:$P$75)) -> 72.857143 | S11: =100*(O11-MIN($O$2:$O$75))/(MAX($O$2:$O$75)-MIN($O$2:$O$75)) -> 67.5 | T11: =IF(OR(Q11="",COUNT($Q$2:$Q$75)<2),"",100*(Q11-MIN($Q$2:$Q$75))/(MAX($Q$2:$Q$75)-MIN($Q$2:$Q$75))) | U11: =(Assumptions!$B$4*R11+Assumptions!$B$5*S11+IF(T11="",0,Assumptions!$B$6*T11))/(Assumptions!$B$4+Assumptions!$B$5+IF(T11="",0,Assumptions!$B$6)) -> 70.796703 | V11: =RANK(U11,$U$2:$U$75)+COUNTIF($U$2:U11,U11)-1 -> 8
A12: 1683 | B12: Techno Titans | C12: Johns Creek | D12: 11 | E12: 191 | F12: GAGWI | G12: 53 | H12: GAGAI | I12: 75 | J12: 0 | K12: 63 | L12: =SUMIF('Results 2026'!$B$2:$B$149,A12,'Results 2026'!$C$2:$C$149) -> 17 | M12: =SUMIF('Results 2026'!$B$2:$B$149,A12,'Results 2026'!$D$2:$D$149) -> 6 | N12: =SUMIF('Results 2026'!$B$2:$B$149,A12,'Results 2026'!$E$2:$E$149) -> 1 | O12: =IF(ISERROR((L12+0.5*N12)/(L12+M12+N12)),0,(L12+0.5*N12)/(L12+M12+N12)) -> 0.72916667 | P12: =(G12+I12)/2 -> 64 | R12: =100*(P12-MIN($P$2:$P$75))/(MAX($P$2:$P$75)-MIN($P$2:$P$75)) -> 85 | S12: =100*(O12-MIN($O$2:$O$75))/(MAX($O$2:$O$75)-MIN($O$2:$O$75)) -> 64.791667 | T12: =IF(OR(Q12="",COUNT($Q$2:$Q$75)<2),"",100*(Q12-MIN($Q$2:$Q$75))/(MAX($Q$2:$Q$75)-MIN($Q$2:$Q$75))) | U12: =(Assumptions!$B$4*R12+Assumptions!$B$5*S12+IF(T12="",0,Assumptions!$B$6*T12))/(Assumptions!$B$4+Assumptions!$B$5+IF(T12="",0,Assumptions!$B$6)) -> 77.227564 | V12: =RANK(U12,$U$2:$U$75)+COUNTIF($U$2:U12,U12)-1 -> 7
A13: 1648 | B13: G3 Robotics | C13: Atlanta | D13: 12 | E13: 182 | F13: GAGWI | G13: 58 | H13: GAALB | I13: 28 | J13: 0 | K13: 96 | L13: =SUMIF('Results 2026'!$B$2:$B$149,A13,'Results 2026'!$C$2:$C$149) -> 16 | M13: =SUMIF('Results 2026'!$B$2:$B$149,A13,'Results 2026'!$D$2:$D$149) -> 8 | N13: =SUMIF('Results 2026'!$B$2:$B$149,A13,'Results 2026'!$E$2:$E$149) -> 0 | O13: =IF(ISERROR((L13+0.5*N13)/(L13+M13+N13)),0,(L13+0.5*N13)/(L13+M13+N13)) -> 0.66666667 | P13: =(G13+I13)/2 -> 43 | R13: =100*(P13-MIN($P$2:$P$75))/(MAX($P$2:$P$75)-MIN($P$2:$P$75)) -> 55 | S13: =100*(O13-MIN($O$2:$O$75))/(MAX($O$2:$O$75)-MIN($O$2:$O$75)) -> 56.666667 | T13: =IF(OR(Q13="",COUNT($Q$2:$Q$75)<2),"",100*(Q13-MIN($Q$2:$Q$75))/(MAX($Q$2:$Q$75)-MIN($Q$2:$Q$75))) | U13: =(Assumptions!$B$4*R13+Assumptions!$B$5*S13+IF(T13="",0,Assumptions!$B$6*T13))/(Assumptions!$B$4+Assumptions!$B$5+IF(T13="",0,Assumptions!$B$6)) -> 55.641026 | V13: =RANK(U13,$U$2:$U$75)+COUNTIF($U$2:U13,U13)-1 -> 12
... A75: 1795 | B75: Carver Clutch | C75: Atlanta | D75: 74 | E75: 9 | F75: GAGWI | G75: 4 | H75: GAGAI | I75: 5 | J75: 0 | K75: 0 | L75: =SUMIF('Results 2026'!$B$2:$B$149,A75,'Results 2026'!$C$2:$C$149) -> 3 | M75: =SUMIF('Results 2026'!$B$2:$B$149,A75,'Results 2026'!$D$2:$D$149) -> 10 | N75: =SUMIF('Results 2026'!$B$2:$B$149,A75,'Results 2026'!$E$2:$E$149) -> 0 | O75: =IF(ISERROR((L75+0.5*N75)/(L75+M75+N75)),0,(L75+0.5*N75)/(L75+M75+N75)) -> 0.23076923 | P75: =(G75+I75)/2 -> 4.5 | R75: =100*(P75-MIN($P$2:$P$75))/(MAX($P$2:$P$75)-MIN($P$2:$P$75)) -> 0 | S75: =100*(O75-MIN($O$2:$O$75))/(MAX($O$2:$O$75)-MIN($O$2:$O$75)) -> 0 | T75: =IF(OR(Q75="",COUNT($Q$2:$Q$75)<2),"",100*(Q75-MIN($Q$2:$Q$75))/(MAX($Q$2:$Q$75)-MIN($Q$2:$Q$75))) | U75: =(Assumptions!$B$4*R75+Assumptions!$B$5*S75+IF(T75="",0,Assumptions!$B$6*T75))/(Assumptions!$B$4+Assumptions!$B$5+IF(T75="",0,Assumptions!$B$6)) -> 0 | V75: =RANK(U75,$U$2:$U$75)+COUNTIF($U$2:U75,U75)-1 -> 74
A77: Source: FIRST FRC Events, 2026 Peachtree District rankings. Team 8872 (did not play) excluded. EPA column is optional manual input.

Sheet Results 2026
A1: Event | B1: Team | C1: Qual W | D1: Qual L | E1: Qual T | F1: Qual rank | G1: District pts | H1: Strength rank | I1: Strength
A2: GAALB | B2: 4188 | C2: 11 | D2: 1 | E2: 0 | F2: 1 | G2: =IF(ISERROR(IF(INDEX(Strength!$F$2:$F$76,MATCH(B2,Strength!$A$2:$A$76,0))=A2,INDEX(Strength!$G$2:$G$76,MATCH(B2,Strength!$A$2:$A$76,0)),INDEX(Strength!$I$2:$I$76,MATCH(B2,Strength!$A$2:$A$76,0)))),"",IF(INDEX(Strength!$F$2:$F$76,MATCH(B2,Strength!$A$2:$A$76,0))=A2,INDEX(Strength!$G$2:$G$76,MATCH(B2,Strength!$A$2:$A$76,0)),INDEX(Strength!$I$2:$I$76,MATCH(B2,Strength!$A$2:$A$76,0)))) -> 66 | H2: =IF(ISERROR(INDEX(Strength!$V$2:$V$76,MATCH(B2,Strength!$A$2:$A$76,0))),"",INDEX(Strength!$V$2:$V$76,MATCH(B2,Strength!$A$2:$A$76,0))) -> 2 | I2: =IF(ISERROR(INDEX(Strength!$U$2:$U$76,MATCH(B2,Strength!$A$2:$A$76,0))),0,INDEX(Strength!$U$2:$U$76,MATCH(B2,Strength!$A$2:$A$76,0))) -> 93.195971
A3: GAALB | B3: 1002 | C3: 11 | D3: 1 | E3: 0 | F3: 2 | G3: =IF(ISERROR(IF(INDEX(Strength!$F$2:$F$76,MATCH(B3,Strength!$A$2:$A$76,0))=A3,INDEX(Strength!$G$2:$G$76,MATCH(B3,Strength!$A$2:$A$76,0)),INDEX(Strength!$I$2:$I$76,MATCH(B3,Strength!$A$2:$A$76,0)))),"",IF(INDEX(Strength!$F$2:$F$76,MATCH(B3,Strength!$A$2:$A$76,0))=A3,INDEX(Strength!$G$2:$G$76,MATCH(B3,Strength!$A$2:$A$76,0)),INDEX(Strength!$I$2:$I$76,MATCH(B3,Strength!$A$2:$A$76,0)))) -> 71 | H3: =IF(ISERROR(INDEX(Strength!$V$2:$V$76,MATCH(B3,Strength!$A$2:$A$76,0))),"",INDEX(Strength!$V$2:$V$76,MATCH(B3,Strength!$A$2:$A$76,0))) -> 3 | I3: =IF(ISERROR(INDEX(Strength!$U$2:$U$76,MATCH(B3,Strength!$A$2:$A$76,0))),0,INDEX(Strength!$U$2:$U$76,MATCH(B3,Strength!$A$2:$A$76,0))) -> 93.014811
A4: GAALB | B4: 1771 | C4: 10 | D4: 2 | E4: 0 | F4: 3 | G4: =IF(ISERROR(IF(INDEX(Strength!$F$2:$F$76,MATCH(B4,Strength!$A$2:$A$76,0))=A4,INDEX(Strength!$G$2:$G$76,MATCH(B4,Strength!$A$2:$A$76,0)),INDEX(Strength!$I$2:$I$76,MATCH(B4,Strength!$A$2:$A$76,0)))),"",IF(INDEX(Strength!$F$2:$F$76,MATCH(B4,Strength!$A$2:$A$76,0))=A4,INDEX(Strength!$G$2:$G$76,MATCH(B4,Strength!$A$2:$A$76,0)),INDEX(Strength!$I$2:$I$76,MATCH(B4,Strength!$A$2:$A$76,0)))) -> 60 | H4: =IF(ISERROR(INDEX(Strength!$V$2:$V$76,MATCH(B4,Strength!$A$2:$A$76,0))),"",INDEX(Strength!$V$2:$V$76,MATCH(B4,Strength!$A$2:$A$76,0))) -> 5 | I4: =IF(ISERROR(INDEX(Strength!$U$2:$U$76,MATCH(B4,Strength!$A$2:$A$76,0))),0,INDEX(Strength!$U$2:$U$76,MATCH(B4,Strength!$A$2:$A$76,0))) -> 84.194139
A5: GAALB | B5: 6919 | C5: 8 | D5: 4 | E5: 0 | F5: 4 | G5: =IF(ISERROR(IF(INDEX(Strength!$F$2:$F$76,MATCH(B5,Strength!$A$2:$A$76,0))=A5,INDEX(Strength!$G$2:$G$76,MATCH(B5,Strength!$A$2:$A$76,0)),INDEX(Strength!$I$2:$I$76,MATCH(B5,Strength!$A$2:$A$76,0)))),"",IF(INDEX(Strength!$F$2:$F$76,MATCH(B5,Strength!$A$2:$A$76,0))=A5,INDEX(Strength!$G$2:$G$76,MATCH(B5,Strength!$A$2:$A$76,0)),INDEX(Strength!$I$2:$I$76,MATCH(B5,Strength!$A$2:$A$76,0)))) -> 74 | H5: =IF(ISERROR(INDEX(Strength!$V$2:$V$76,MATCH(B5,Strength!$A$2:$A$76,0))),"",INDEX(Strength!$V$2:$V$76,MATCH(B5,Strength!$A$2:$A$76,0))) -> 4 | I5: =IF(ISERROR(INDEX(Strength!$U$2:$U$76,MATCH(B5,Strength!$A$2:$A$76,0))),0,INDEX(Strength!$U$2:$U$76,MATCH(B5,Strength!$A$2:$A$76,0))) -> 86.620879
A6: GAALB | B6: 5109 | C6: 8 | D6: 4 | E6: 0 | F6: 5 | G6: =IF(ISERROR(IF(INDEX(Strength!$F$2:$F$76,MATCH(B6,Strength!$A$2:$A$76,0))=A6,INDEX(Strength!$G$2:$G$76,MATCH(B6,Strength!$A$2:$A$76,0)),INDEX(Strength!$I$2:$I$76,MATCH(B6,Strength!$A$2:$A$76,0)))),"",IF(INDEX(Strength!$F$2:$F$76,MATCH(B6,Strength!$A$2:$A$76,0))=A6,INDEX(Strength!$G$2:$G$76,MATCH(B6,Strength!$A$2:$A$76,0)),INDEX(Strength!$I$2:$I$76,MATCH(B6,Strength!$A$2:$A$76,0)))) -> 45 | H6: =IF(ISERROR(INDEX(Strength!$V$2:$V$76,MATCH(B6,Strength!$A$2:$A$76,0))),"",INDEX(Strength!$V$2:$V$76,MATCH(B6,Strength!$A$2:$A$76,0))) -> 16 | I6: =IF(ISERROR(INDEX(Strength!$U$2:$U$76,MATCH(B6,Strength!$A$2:$A$76,0))),0,INDEX(Strength!$U$2:$U$76,MATCH(B6,Strength!$A$2:$A$76,0))) -> 50.805861
A7: GAALB | B7: 6023 | C7: 8 | D7: 4 | E7: 0 | F7: 6 | G7: =IF(ISERROR(IF(INDEX(Strength!$F$2:$F$76,MATCH(B7,Strength!$A$2:$A$76,0))=A7,INDEX(Strength!$G$2:$G$76,MATCH(B7,Strength!$A$2:$A$76,0)),INDEX(Strength!$I$2:$I$76,MATCH(B7,Strength!$A$2:$A$76,0)))),"",IF(INDEX(Strength!$F$2:$F$76,MATCH(B7,Strength!$A$2:$A$76,0))=A7,INDEX(Strength!$G$2:$G$76,MATCH(B7,Strength!$A$2:$A$76,0)),INDEX(Strength!$I$2:$I$76,MATCH(B7,Strength!$A$2:$A$76,0)))) -> 37 | H7: =IF(ISERROR(INDEX(Strength!$V$2:$V$76,MATCH(B7,Strength!$A$2:$A$76,0))),"",INDEX(Strength!$V$2:$V$76,MATCH(B7,Strength!$A$2:$A$76,0))) -> 30 | I7: =IF(ISERROR(INDEX(Strength!$U$2:$U$76,MATCH(B7,Strength!$A$2:$A$76,0))),0,INDEX(Strength!$U$2:$U$76,MATCH(B7,Strength!$A$2:$A$76,0))) -> 37.347652
A8: GAALB | B8: 1648 | C8: 8 | D8: 4 | E8: 0 | F8: 7 | G8: =IF(ISERROR(IF(INDEX(Strength!$F$2:$F$76,MATCH(B8,Strength!$A$2:$A$76,0))=A8,INDEX(Strength!$G$2:$G$76,MATCH(B8,Strength!$A$2:$A$76,0)),INDEX(Strength!$I$2:$I$76,MATCH(B8,Strength!$A$2:$A$76,0)))),"",IF(INDEX(Strength!$F$2:$F$76,MATCH(B8,Strength!$A$2:$A$76,0))=A8,INDEX(Strength!$G$2:$G$76,MATCH(B8,Strength!$A$2:$A$76,0)),INDEX(Strength!$I$2:$I$76,MATCH(B8,Strength!$A$2:$A$76,0)))) -> 28 | H8: =IF(ISERROR(INDEX(Strength!$V$2:$V$76,MATCH(B8,Strength!$A$2:$A$76,0))),"",INDEX(Strength!$V$2:$V$76,MATCH(B8,Strength!$A$2:$A$76,0))) -> 12 | I8: =IF(ISERROR(INDEX(Strength!$U$2:$U$76,MATCH(B8,Strength!$A$2:$A$76,0))),0,INDEX(Strength!$U$2:$U$76,MATCH(B8,Strength!$A$2:$A$76,0))) -> 55.641026
A9: GAALB | B9: 9477 | C9: 8 | D9: 3 | E9: 0 | F9: 8 | G9: =IF(ISERROR(IF(INDEX(Strength!$F$2:$F$76,MATCH(B9,Strength!$A$2:$A$76,0))=A9,INDEX(Strength!$G$2:$G$76,MATCH(B9,Strength!$A$2:$A$76,0)),INDEX(Strength!$I$2:$I$76,MATCH(B9,Strength!$A$2:$A$76,0)))),"",IF(INDEX(Strength!$F$2:$F$76,MATCH(B9,Strength!$A$2:$A$76,0))=A9,INDEX(Strength!$G$2:$G$76,MATCH(B9,Strength!$A$2:$A$76,0)),INDEX(Strength!$I$2:$I$76,MATCH(B9,Strength!$A$2:$A$76,0)))) -> 33 | H9: =IF(ISERROR(INDEX(Strength!$V$2:$V$76,MATCH(B9,Strength!$A$2:$A$76,0))),"",INDEX(Strength!$V$2:$V$76,MATCH(B9,Strength!$A$2:$A$76,0))) -> 14 | I9: =IF(ISERROR(INDEX(Strength!$U$2:$U$76,MATCH(B9,Strength!$A$2:$A$76,0))),0,INDEX(Strength!$U$2:$U$76,MATCH(B9,Strength!$A$2:$A$76,0))) -> 54.84472
A10: GAALB | B10: 1261 | C10: 6 | D10: 6 | E10: 0 | F10: 9 | G10: =IF(ISERROR(IF(INDEX(Strength!$F$2:$F$76,MATCH(B10,Strength!$A$2:$A$76,0))=A10,INDEX(Strength!$G$2:$G$76,MATCH(B10,Strength!$A$2:$A$76,0)),INDEX(Strength!$I$2:$I$76,MATCH(B10,Strength!$A$2:$A$76,0)))),"",IF(INDEX(Strength!$F$2:$F$76,MATCH(B10,Strength!$A$2:$A$76,0))=A10,INDEX(Strength!$G$2:$G$76,MATCH(B10,Strength!$A$2:$A$76,0)),INDEX(Strength!$I$2:$I$76,MATCH(B10,Strength!$A$2:$A$76,0)))) -> 40 | H10: =IF(ISERROR(INDEX(Strength!$V$2:$V$76,MATCH(B10,Strength!$A$2:$A$76,0))),"",INDEX(Strength!$V$2:$V$76,MATCH(B10,Strength!$A$2:$A$76,0))) -> 15 | I10: =IF(ISERROR(INDEX(Strength!$U$2:$U$76,MATCH(B10,Strength!$A$2:$A$76,0))),0,INDEX(Strength!$U$2:$U$76,MATCH(B10,Strength!$A$2:$A$76,0))) -> 53.672161
A11: GAALB | B11: 6925 | C11: 6 | D11: 6 | E11: 0 | F11: 10 | G11: =IF(ISERROR(IF(INDEX(Strength!$F$2:$F$76,MATCH(B11,Strength!$A$2:$A$76,0))=A11,INDEX(Strength!$G$2:$G$76,MATCH(B11,Strength!$A$2:$A$76,0)),INDEX(Strength!$I$2:$I$76,MATCH(B11,Strength!$A$2:$A$76,0)))),"",IF(INDEX(Strength!$F$2:$F$76,MATCH(B11,Strength!$A$2:$A$76,0))=A11,INDEX(Strength!$G$2:$G$76,MATCH(B11,Strength!$A$2:$A$76,0)),INDEX(Strength!$I$2:$I$76,MATCH(B11,Strength!$A$2:$A$76,0)))) -> 26 | H11: =IF(ISERROR(INDEX(Strength!$V$2:$V$76,MATCH(B11,Strength!$A$2:$A$76,0))),"",INDEX(Strength!$V$2:$V$76,MATCH(B11,Strength!$A$2:$A$76,0))) -> 25 | I11: =IF(ISERROR(INDEX(Strength!$U$2:$U$76,MATCH(B11,Strength!$A$2:$A$76,0))),0,INDEX(Strength!$U$2:$U$76,MATCH(B11,Strength!$A$2:$A$76,0))) -> 39.720696
A12: GAALB | B12: 8080 | C12: 7 | D12: 5 | E12: 0 | F12: 11 | G12: =IF(ISERROR(IF(INDEX(Strength!$F$2:$F$76,MATCH(B12,Strength!$A$2:$A$76,0))=A12,INDEX(Strength!$G$2:$G$76,MATCH(B12,Strength!$A$2:$A$76,0)),INDEX(Strength!$I$2:$I$76,MATCH(B12,Strength!$A$2:$A$76,0)))),"",IF(INDEX(Strength!$F$2:$F$76,MATCH(B12,Strength!$A$2:$A$76,0))=A12,INDEX(Strength!$G$2:$G$76,MATCH(B12,Strength!$A$2:$A$76,0)),INDEX(Strength!$I$2:$I$76,MATCH(B12,Strength!$A$2:$A$76,0)))) -> 24 | H12: =IF(ISERROR(INDEX(Strength!$V$2:$V$76,MATCH(B12,Strength!$A$2:$A$76,0))),"",INDEX(Strength!$V$2:$V$76,MATCH(B12,Strength!$A$2:$A$76,0))) -> 18 | I12: =IF(ISERROR(INDEX(Strength!$U$2:$U$76,MATCH(B12,Strength!$A$2:$A$76,0))),0,INDEX(Strength!$U$2:$U$76,MATCH(B12,Strength!$A$2:$A$76,0))) -> 48.722527
A13: GAALB | B13: 7514 | C13: 6 | D13: 6 | E13: 0 | F13: 12 | G13: =IF(ISERROR(IF(INDEX(Strength!$F$2:$F$76,MATCH(B13,Strength!$A$2:$A$76,0))=A13,INDEX(Strength!$G$2:$G$76,MATCH(B13,Strength!$A$2:$A$76,0)),INDEX(Strength!$I$2:$I$76,MATCH(B13,Strength!$A$2:$A$76,0)))),"",IF(INDEX(Strength!$F$2:$F$76,MATCH(B13,Strength!$A$2:$A$76,0))=A13,INDEX(Strength!$G$2:$G$76,MATCH(B13,Strength!$A$2:$A$76,0)),INDEX(Strength!$I$2:$I$76,MATCH(B13,Strength!$A$2:$A$76,0)))) -> 23 | H13: =IF(ISERROR(INDEX(Strength!$V$2:$V$76,MATCH(B13,Strength!$A$2:$A$76,0))),"",INDEX(Strength!$V$2:$V$76,MATCH(B13,Strength!$A$2:$A$76,0))) -> 49 | I13: =IF(ISERROR(INDEX(Strength!$U$2:$U$76,MATCH(B13,Strength!$A$2:$A$76,0))),0,INDEX(Strength!$U$2:$U$76,MATCH(B13,Strength!$A$2:$A$76,0))) -> 24.125458
... A149: GAGWI | B149: 1795 | C149: 0 | D149: 3 | E149: 0 | F149: 30 | G149: =IF(ISERROR(IF(INDEX(Strength!$F$2:$F$76,MATCH(B149,Strength!$A$2:$A$76,0))=A149,INDEX(Strength!$G$2:$G$76,MATCH(B149,Strength!$A$2:$A$76,0)),INDEX(Strength!$I$2:$I$76,MATCH(B149,Strength!$A$2:$A$76,0)))),"",IF(INDEX(Strength!$F$2:$F$76,MATCH(B149,Strength!$A$2:$A$76,0))=A149,INDEX(Strength!$G$2:$G$76,MATCH(B149,Strength!$A$2:$A$76,0)),INDEX(Strength!$I$2:$I$76,MATCH(B149,Strength!$A$2:$A$76,0)))) -> 4 | H149: =IF(ISERROR(INDEX(Strength!$V$2:$V$76,MATCH(B149,Strength!$A$2:$A$76,0))),"",INDEX(Strength!$V$2:$V$76,MATCH(B149,Strength!$A$2:$A$76,0))) -> 74 | I149: =IF(ISERROR(INDEX(Strength!$U$2:$U$76,MATCH(B149,Strength!$A$2:$A$76,0))),0,INDEX(Strength!$U$2:$U$76,MATCH(B149,Strength!$A$2:$A$76,0))) -> 0
A151: Source: FIRST FRC Events 2026 event rankings pages (GADAL, GAGWI, GACOL, GAALB, GAGAI).

Sheet Review 2026
A1: How the original 2026 predictions did
A3: Team | B3: Predicted 2026 events | C3: Actual 2026 events | D3: Correct picks (of 2) | E3: Note
A4: 6919 | B4: Albany + Dalton | C4: Albany + Dalton | D4: 2
A5: 2974 | B5: Columbus + Dalton | C5: Columbus + Dalton | D5: 2
A6: 1771 | B6: Albany + Lawrenceville | C6: Albany + Lawrenceville | D6: 2
A7: 8866 | B7: Gainesville + Lawrenceville | C7: Albany + Dalton | D7: 0
A8: 1833 | B8: Gainesville + Lawrenceville | C8: Gainesville + Lawrenceville | D8: 2
A9: 1683 | B9: Gainesville + Lawrenceville | C9: Gainesville + Lawrenceville | D9: 2
A10: 1648 | B10: Columbus + Dalton | C10: Albany + Lawrenceville | D10: 0
A11: 6340 | B11: Columbus + Dalton | C11: Gainesville + Lawrenceville | D11: 0
A12: 1261 | B12: Albany + Lawrenceville | C12: Albany + Lawrenceville | D12: 2
A13: 6829 | B13: Albany + Lawrenceville | C13: Columbus + Dalton | D13: 0
A14: 6023 | B14: Albany + Dalton | C14: Albany + Dalton | D14: 2
A15: 3318 | B15: Gainesville + Lawrenceville | C15: Gainesville + Lawrenceville | D15: 2
... A18: 1002 | B18: Albany + Dalton | C18: Albany + Dalton | D18: 2
A19: 9260 | B19: Dalton + Gainesville | C19: Did not compete | D19: 0 | E19: Did not compete in 2026
A20: 10376 | B20: Columbus + Dalton | C20: Columbus + Dalton | D20: 2
A21: 7451 | B21: Gainesville + Lawrenceville | C21: Columbus + Dalton | D21: 0
A22: 5109 | B22: Gainesville + Lawrenceville | C22: Albany + Lawrenceville | D22: 1
A23: 4112 | B23: Albany + Dalton | C23: Columbus + Dalton | D23: 1
A24: 9480 | B24: Dalton + Gainesville | C24: Columbus + Dalton | D24: 1
A25: 5293 | B25: Albany + Lawrenceville | C25: Gainesville + Lawrenceville | D25: 1
A26: 9477 | B26: Gainesville + Lawrenceville | C26: Albany + Dalton | D26: 0
A27: 10482 | B27: Albany + Lawrenceville | C27: Gainesville + Lawrenceville | D27: 1
A28: 6944 | B28: Columbus + Dalton | C28: Did not compete | D28: 0 | E28: Did not compete in 2026
A29: 8736 | B29: Columbus + Lawrenceville | C29: Albany + Dalton | D29: 0
A30: 3329 | B30: Albany + Dalton | C30: Columbus + Dalton | D30: 1
A32: Correct picks | B32: =SUM(D4:D30)&" of "&2*COUNT(A4:A30) -> 29 of 54
A33: Pick accuracy | B33: =SUM(D4:D30)/(2*COUNT(A4:A30)) -> 0.53703704
A34: Both events right | B34: =COUNTIF(D4:D30,2)&" of "&COUNT(A4:A30) -> 11 of 27
A36: New model backtest (2026 schedule, pre-2026 information only, capacity-constrained) — model outputs
A37: All 74 active teams: correct picks | B37: 89 of 148 (60%)
A38: All teams: both events right | B38: 29 of 74
A39: 25 legacy teams: correct picks | B39: 32 of 50 (64%)
A40: Random-choice baseline | B40: 40%
A42: Biggest 2026 surprises: several strong metro teams (1648, 1771, 1261) went to Albany rather than a second northern event, and Columbus drew teams from Atlanta’s south and west sides — patterns the 2027 model picks up through loyalty weighting.

Sheet Drive Times
A1: Estimated drive hours (formulas use Assumptions!B17:B18)
A3: Venue code | B3: Venue city | C3: Lat | D3: Lon
A4: GADAL | B4: Dalton | C4: 34.77 | D4: -84.97
A5: GAGAI | B5: Gainesville | C5: 34.298 | D5: -83.824
A6: GAGWI | B6: Lawrenceville | C6: 33.956 | D6: -83.988
A7: GAALB | B7: Albany | C7: 31.578 | D7: -84.156
A8: GADOU | B8: Douglasville | C8: 33.751 | D8: -84.747
A9: GACMP | B9: Macon | C9: 32.841 | D9: -83.632
A10: Coordinates are approximate city centers (blue = input).
A11: Team city | B11: Lat | C11: Lon | D11: GADAL | E11: GAGAI | F11: GAGWI | G11: GAALB | H11: GADOU | I11: GACMP
A12: Adairsville | B12: 34.369 | C12: -84.934 | D12: =IF(AND($B12=$C$4,$C12=$D$4),0,MAX(0.25,Assumptions!$B$17+Assumptions!$B$18*3958.8*ACOS(MIN(1,SIN(RADIANS($B12))*SIN(RADIANS($C$4))+COS(RADIANS($B12))*COS(RADIANS($C$4))*COS(RADIANS($D$4-$C12)))))) -> 0.73655019 | E12: =IF(AND($B12=$C$5,$C12=$D$5),0,MAX(0.25,Assumptions!$B$17+Assumptions!$B$18*3958.8*ACOS(MIN(1,SIN(RADIANS($B12))*SIN(RADIANS($C$5))+COS(RADIANS($B12))*COS(RADIANS($C$5))*COS(RADIANS($D$5-$C12)))))) -> 1.3916447 | F12: =IF(AND($B12=$C$6,$C12=$D$6),0,MAX(0.25,Assumptions!$B$17+Assumptions!$B$18*3958.8*ACOS(MIN(1,SIN(RADIANS($B12))*SIN(RADIANS($C$6))+COS(RADIANS($B12))*COS(RADIANS($C$6))*COS(RADIANS($D$6-$C12)))))) -> 1.3481879 | G12: =IF(AND($B12=$C$7,$C12=$D$7),0,MAX(0.25,Assumptions!$B$17+Assumptions!$B$18*3958.8*ACOS(MIN(1,SIN(RADIANS($B12))*SIN(RADIANS($C$7))+COS(RADIANS($B12))*COS(RADIANS($C$7))*COS(RADIANS($D$7-$C12)))))) -> 3.8574111 | H12: =IF(AND($B12=$C$8,$C12=$D$8),0,MAX(0.25,Assumptions!$B$17+Assumptions!$B$18*3958.8*ACOS(MIN(1,SIN(RADIANS($B12))*SIN(RADIANS($C$8))+COS(RADIANS($B12))*COS(RADIANS($C$8))*COS(RADIANS($D$8-$C12)))))) -> 1.034211 | I12: =IF(AND($B12=$C$9,$C12=$D$9),0,MAX(0.25,Assumptions!$B$17+Assumptions!$B$18*3958.8*ACOS(MIN(1,SIN(RADIANS($B12))*SIN(RADIANS($C$9))+COS(RADIANS($B12))*COS(RADIANS($C$9))*COS(RADIANS($D$9-$C12)))))) -> 2.6002567
A13: Albany | B13: 31.578 | C13: -84.156 | D13: =IF(AND($B13=$C$4,$C13=$D$4),0,MAX(0.25,Assumptions!$B$17+Assumptions!$B$18*3958.8*ACOS(MIN(1,SIN(RADIANS($B13))*SIN(RADIANS($C$4))+COS(RADIANS($B13))*COS(RADIANS($C$4))*COS(RADIANS($D$4-$C13)))))) -> 4.3609642 | E13: =IF(AND($B13=$C$5,$C13=$D$5),0,MAX(0.25,Assumptions!$B$17+Assumptions!$B$18*3958.8*ACOS(MIN(1,SIN(RADIANS($B13))*SIN(RADIANS($C$5))+COS(RADIANS($B13))*COS(RADIANS($C$5))*COS(RADIANS($D$5-$C13)))))) -> 3.6901857 | F13: =IF(AND($B13=$C$6,$C13=$D$6),0,MAX(0.25,Assumptions!$B$17+Assumptions!$B$18*3958.8*ACOS(MIN(1,SIN(RADIANS($B13))*SIN(RADIANS($C$6))+COS(RADIANS($B13))*COS(RADIANS($C$6))*COS(RADIANS($D$6-$C13)))))) -> 3.2443324 | G13: =IF(AND($B13=$C$7,$C13=$D$7),0,MAX(0.25,Assumptions!$B$17+Assumptions!$B$18*3958.8*ACOS(MIN(1,SIN(RADIANS($B13))*SIN(RADIANS($C$7))+COS(RADIANS($B13))*COS(RADIANS($C$7))*COS(RADIANS($D$7-$C13)))))) -> 0 | H13: =IF(AND($B13=$C$8,$C13=$D$8),0,MAX(0.25,Assumptions!$B$17+Assumptions!$B$18*3958.8*ACOS(MIN(1,SIN(RADIANS($B13))*SIN(RADIANS($C$8))+COS(RADIANS($B13))*COS(RADIANS($C$8))*COS(RADIANS($D$8-$C13)))))) -> 3.0505889 | I13: =IF(AND($B13=$C$9,$C13=$D$9),0,MAX(0.25,Assumptions!$B$17+Assumptions!$B$18*3958.8*ACOS(MIN(1,SIN(RADIANS($B13))*SIN(RADIANS($C$9))+COS(RADIANS($B13))*COS(RADIANS($C$9))*COS(RADIANS($D$9-$C13)))))) -> 1.9225676
A14: Alpharetta | B14: 34.075 | C14: -84.294 | D14: =IF(AND($B14=$C$4,$C14=$D$4),0,MAX(0.25,Assumptions!$B$17+Assumptions!$B$18*3958.8*ACOS(MIN(1,SIN(RADIANS($B14))*SIN(RADIANS($C$4))+COS(RADIANS($B14))*COS(RADIANS($C$4))*COS(RADIANS($D$4-$C14)))))) -> 1.3558045 | E14: =IF(AND($B14=$C$5,$C14=$D$5),0,MAX(0.25,Assumptions!$B$17+Assumptions!$B$18*3958.8*ACOS(MIN(1,SIN(RADIANS($B14))*SIN(RADIANS($C$5))+COS(RADIANS($B14))*COS(RADIANS($C$5))*COS(RADIANS($D$5-$C14)))))) -> 0.79494688 | F14: =IF(AND($B14=$C$6,$C14=$D$6),0,MAX(0.25,Assumptions!$B$17+Assumptions!$B$18*3958.8*ACOS(MIN(1,SIN(RADIANS($B14))*SIN(RADIANS($C$6))+COS(RADIANS($B14))*COS(RADIANS($C$6))*COS(RADIANS($D$6-$C14)))))) -> 0.58213047 | G14: =IF(AND($B14=$C$7,$C14=$D$7),0,MAX(0.25,Assumptions!$B$17+Assumptions!$B$18*3958.8*ACOS(MIN(1,SIN(RADIANS($B14))*SIN(RADIANS($C$7))+COS(RADIANS($B14))*COS(RADIANS($C$7))*COS(RADIANS($D$7-$C14)))))) -> 3.3931447 | H14: =IF(AND($B14=$C$8,$C14=$D$8),0,MAX(0.25,Assumptions!$B$17+Assumptions!$B$18*3958.8*ACOS(MIN(1,SIN(RADIANS($B14))*SIN(RADIANS($C$8))+COS(RADIANS($B14))*COS(RADIANS($C$8))*COS(RADIANS($D$8-$C14)))))) -> 0.85584954 | I14: =IF(AND($B14=$C$9,$C14=$D$9),0,MAX(0.25,Assumptions!$B$17+Assumptions!$B$18*3958.8*ACOS(MIN(1,SIN(RADIANS($B14))*SIN(RADIANS($C$9))+COS(RADIANS($B14))*COS(RADIANS($C$9))*COS(RADIANS($D$9-$C14)))))) -> 1.9395349
A15: Athens | B15: 33.961 | C15: -83.378 | D15: =IF(AND($B15=$C$4,$C15=$D$4),0,MAX(0.25,Assumptions!$B$17+Assumptions!$B$18*3958.8*ACOS(MIN(1,SIN(RADIANS($B15))*SIN(RADIANS($C$4))+COS(RADIANS($B15))*COS(RADIANS($C$4))*COS(RADIANS($D$4-$C15)))))) -> 2.1816838 | E15: =IF(AND($B15=$C$5,$C15=$D$5),0,MAX(0.25,Assumptions!$B$17+Assumptions!$B$18*3958.8*ACOS(MIN(1,SIN(RADIANS($B15))*SIN(RADIANS($C$5))+COS(RADIANS($B15))*COS(RADIANS($C$5))*COS(RADIANS($D$5-$C15)))))) -> 0.86037795 | F15: =IF(AND($B15=$C$6,$C15=$D$6),0,MAX(0.25,Assumptions!$B$17+Assumptions!$B$18*3958.8*ACOS(MIN(1,SIN(RADIANS($B15))*SIN(RADIANS($C$6))+COS(RADIANS($B15))*COS(RADIANS($C$6))*COS(RADIANS($D$6-$C15)))))) -> 0.86812584 | G15: =IF(AND($B15=$C$7,$C15=$D$7),0,MAX(0.25,Assumptions!$B$17+Assumptions!$B$18*3958.8*ACOS(MIN(1,SIN(RADIANS($B15))*SIN(RADIANS($C$7))+COS(RADIANS($B15))*COS(RADIANS($C$7))*COS(RADIANS($D$7-$C15)))))) -> 3.3569791 | H15: =IF(AND($B15=$C$8,$C15=$D$8),0,MAX(0.25,Assumptions!$B$17+Assumptions!$B$18*3958.8*ACOS(MIN(1,SIN(RADIANS($B15))*SIN(RADIANS($C$8))+COS(RADIANS($B15))*COS(RADIANS($C$8))*COS(RADIANS($D$8-$C15)))))) -> 1.6914892 | I15: =IF(AND($B15=$C$9,$C15=$D$9),0,MAX(0.25,Assumptions!$B$17+Assumptions!$B$18*3958.8*ACOS(MIN(1,SIN(RADIANS($B15))*SIN(RADIANS($C$9))+COS(RADIANS($B15))*COS(RADIANS($C$9))*COS(RADIANS($D$9-$C15)))))) -> 1.6709715
A16: Atlanta | B16: 33.749 | C16: -84.388 | D16: =IF(AND($B16=$C$4,$C16=$D$4),0,MAX(0.25,Assumptions!$B$17+Assumptions!$B$18*3958.8*ACOS(MIN(1,SIN(RADIANS($B16))*SIN(RADIANS($C$4))+COS(RADIANS($B16))*COS(RADIANS($C$4))*COS(RADIANS($D$4-$C16)))))) -> 1.6567046 | E16: =IF(AND($B16=$C$5,$C16=$D$5),0,MAX(0.25,Assumptions!$B$17+Assumptions!$B$18*3958.8*ACOS(MIN(1,SIN(RADIANS($B16))*SIN(RADIANS($C$5))+COS(RADIANS($B16))*COS(RADIANS($C$5))*COS(RADIANS($D$5-$C16)))))) -> 1.140498 | F16: =IF(AND($B16=$C$6,$C16=$D$6),0,MAX(0.25,Assumptions!$B$17+Assumptions!$B$18*3958.8*ACOS(MIN(1,SIN(RADIANS($B16))*SIN(RADIANS($C$6))+COS(RADIANS($B16))*COS(RADIANS($C$6))*COS(RADIANS($D$6-$C16)))))) -> 0.72301357 | G16: =IF(AND($B16=$C$7,$C16=$D$7),0,MAX(0.25,Assumptions!$B$17+Assumptions!$B$18*3958.8*ACOS(MIN(1,SIN(RADIANS($B16))*SIN(RADIANS($C$7))+COS(RADIANS($B16))*COS(RADIANS($C$7))*COS(RADIANS($D$7-$C16)))))) -> 2.9879614 | H16: =IF(AND($B16=$C$8,$C16=$D$8),0,MAX(0.25,Assumptions!$B$17+Assumptions!$B$18*3958.8*ACOS(MIN(1,SIN(RADIANS($B16))*SIN(RADIANS($C$8))+COS(RADIANS($B16))*COS(RADIANS($C$8))*COS(RADIANS($D$8-$C16)))))) -> 0.60535393 | I16: =IF(AND($B16=$C$9,$C16=$D$9),0,MAX(0.25,Assumptions!$B$17+Assumptions!$B$18*3958.8*ACOS(MIN(1,SIN(RADIANS($B16))*SIN(RADIANS($C$9))+COS(RADIANS($B16))*COS(RADIANS($C$9))*COS(RADIANS($D$9-$C16)))))) -> 1.6283369
A17: Augusta | B17: 33.471 | C17: -81.975 | D17: =IF(AND($B17=$C$4,$C17=$D$4),0,MAX(0.25,Assumptions!$B$17+Assumptions!$B$18*3958.8*ACOS(MIN(1,SIN(RADIANS($B17))*SIN(RADIANS($C$4))+COS(RADIANS($B17))*COS(RADIANS($C$4))*COS(RADIANS($D$4-$C17)))))) -> 3.7721181 | E17: =IF(AND($B17=$C$5,$C17=$D$5),0,MAX(0.25,Assumptions!$B$17+Assumptions!$B$18*3958.8*ACOS(MIN(1,SIN(RADIANS($B17))*SIN(RADIANS($C$5))+COS(RADIANS($B17))*COS(RADIANS($C$5))*COS(RADIANS($D$5-$C17)))))) -> 2.4354753 | F17: =IF(AND($B17=$C$6,$C17=$D$6),0,MAX(0.25,Assumptions!$B$17+Assumptions!$B$18*3958.8*ACOS(MIN(1,SIN(RADIANS($B17))*SIN(RADIANS($C$6))+COS(RADIANS($B17))*COS(RADIANS($C$6))*COS(RADIANS($D$6-$C17)))))) -> 2.4351149 | G17: =IF(AND($B17=$C$7,$C17=$D$7),0,MAX(0.25,Assumptions!$B$17+Assumptions!$B$18*3958.8*ACOS(MIN(1,SIN(RADIANS($B17))*SIN(RADIANS($C$7))+COS(RADIANS($B17))*COS(RADIANS($C$7))*COS(RADIANS($D$7-$C17)))))) -> 3.5695822 | H17: =IF(AND($B17=$C$8,$C17=$D$8),0,MAX(0.25,Assumptions!$B$17+Assumptions!$B$18*3958.8*ACOS(MIN(1,SIN(RADIANS($B17))*SIN(RADIANS($C$8))+COS(RADIANS($B17))*COS(RADIANS($C$8))*COS(RADIANS($D$8-$C17)))))) -> 3.1724165 | I17: =IF(AND($B17=$C$9,$C17=$D$9),0,MAX(0.25,Assumptions!$B$17+Assumptions!$B$18*3958.8*ACOS(MIN(1,SIN(RADIANS($B17))*SIN(RADIANS($C$9))+COS(RADIANS($B17))*COS(RADIANS($C$9))*COS(RADIANS($D$9-$C17)))))) -> 2.1568581
A18: Bainbridge | B18: 30.904 | C18: -84.575 | D18: =IF(AND($B18=$C$4,$C18=$D$4),0,MAX(0.25,Assumptions!$B$17+Assumptions!$B$18*3958.8*ACOS(MIN(1,SIN(RADIANS($B18))*SIN(RADIANS($C$4))+COS(RADIANS($B18))*COS(RADIANS($C$4))*COS(RADIANS($D$4-$C18)))))) -> 5.1415624 | E18: =IF(AND($B18=$C$5,$C18=$D$5),0,MAX(0.25,Assumptions!$B$17+Assumptions!$B$18*3958.8*ACOS(MIN(1,SIN(RADIANS($B18))*SIN(RADIANS($C$5))+COS(RADIANS($B18))*COS(RADIANS($C$5))*COS(RADIANS($D$5-$C18)))))) -> 4.5997804 | F18: =IF(AND($B18=$C$6,$C18=$D$6),0,MAX(0.25,Assumptions!$B$17+Assumptions!$B$18*3958.8*ACOS(MIN(1,SIN(RADIANS($B18))*SIN(RADIANS($C$6))+COS(RADIANS($B18))*COS(RADIANS($C$6))*COS(RADIANS($D$6-$C18)))))) -> 4.1432173 | G18: =IF(AND($B18=$C$7,$C18=$D$7),0,MAX(0.25,Assumptions!$B$17+Assumptions!$B$18*3958.8*ACOS(MIN(1,SIN(RADIANS($B18))*SIN(RADIANS($C$7))+COS(RADIANS($B18))*COS(RADIANS($C$7))*COS(RADIANS($D$7-$C18)))))) -> 1.1940016 | H18: =IF(AND($B18=$C$8,$C18=$D$8),0,MAX(0.25,Assumptions!$B$17+Assumptions!$B$18*3958.8*ACOS(MIN(1,SIN(RADIANS($B18))*SIN(RADIANS($C$8))+COS(RADIANS($B18))*COS(RADIANS($C$8))*COS(RADIANS($D$8-$C18)))))) -> 3.8377039 | I18: =IF(AND($B18=$C$9,$C18=$D$9),0,MAX(0.25,Assumptions!$B$17+Assumptions!$B$18*3958.8*ACOS(MIN(1,SIN(RADIANS($B18))*SIN(RADIANS($C$9))+COS(RADIANS($B18))*COS(RADIANS($C$9))*COS(RADIANS($D$9-$C18)))))) -> 2.8818515
A19: Cairo | B19: 30.878 | C19: -84.202 | D19: =IF(AND($B19=$C$4,$C19=$D$4),0,MAX(0.25,Assumptions!$B$17+Assumptions!$B$18*3958.8*ACOS(MIN(1,SIN(RADIANS($B19))*SIN(RADIANS($C$4))+COS(RADIANS($B19))*COS(RADIANS($C$4))*COS(RADIANS($D$4-$C19)))))) -> 5.2237491 | E19: =IF(AND($B19=$C$5,$C19=$D$5),0,MAX(0.25,Assumptions!$B$17+Assumptions!$B$18*3958.8*ACOS(MIN(1,SIN(RADIANS($B19))*SIN(RADIANS($C$5))+COS(RADIANS($B19))*COS(RADIANS($C$5))*COS(RADIANS($D$5-$C19)))))) -> 4.577441 | F19: =IF(AND($B19=$C$6,$C19=$D$6),0,MAX(0.25,Assumptions!$B$17+Assumptions!$B$18*3958.8*ACOS(MIN(1,SIN(RADIANS($B19))*SIN(RADIANS($C$6))+COS(RADIANS($B19))*COS(RADIANS($C$6))*COS(RADIANS($D$6-$C19)))))) -> 4.1322757 | G19: =IF(AND($B19=$C$7,$C19=$D$7),0,MAX(0.25,Assumptions!$B$17+Assumptions!$B$18*3958.8*ACOS(MIN(1,SIN(RADIANS($B19))*SIN(RADIANS($C$7))+COS(RADIANS($B19))*COS(RADIANS($C$7))*COS(RADIANS($D$7-$C19)))))) -> 1.1152449 | H19: =IF(AND($B19=$C$8,$C19=$D$8),0,MAX(0.25,Assumptions!$B$17+Assumptions!$B$18*3958.8*ACOS(MIN(1,SIN(RADIANS($B19))*SIN(RADIANS($C$8))+COS(RADIANS($B19))*COS(RADIANS($C$8))*COS(RADIANS($D$8-$C19)))))) -> 3.9123814 | I19: =IF(AND($B19=$C$9,$C19=$D$9),0,MAX(0.25,Assumptions!$B$17+Assumptions!$B$18*3958.8*ACOS(MIN(1,SIN(RADIANS($B19))*SIN(RADIANS($C$9))+COS(RADIANS($B19))*COS(RADIANS($C$9))*COS(RADIANS($D$9-$C19)))))) -> 2.7879061
A20: Canton | B20: 34.237 | C20: -84.491 | D20: =IF(AND($B20=$C$4,$C20=$D$4),0,MAX(0.25,Assumptions!$B$17+Assumptions!$B$18*3958.8*ACOS(MIN(1,SIN(RADIANS($B20))*SIN(RADIANS($C$4))+COS(RADIANS($B20))*COS(RADIANS($C$4))*COS(RADIANS($D$4-$C20)))))) -> 1.0673074 | E20: =IF(AND($B20=$C$5,$C20=$D$5),0,MAX(0.25,Assumptions!$B$17+Assumptions!$B$18*3958.8*ACOS(MIN(1,SIN(RADIANS($B20))*SIN(RADIANS($C$5))+COS(RADIANS($B20))*COS(RADIANS($C$5))*COS(RADIANS($D$5-$C20)))))) -> 0.92967849 | F20: =IF(AND($B20=$C$6,$C20=$D$6),0,MAX(0.25,Assumptions!$B$17+Assumptions!$B$18*3958.8*ACOS(MIN(1,SIN(RADIANS($B20))*SIN(RADIANS($C$6))+COS(RADIANS($B20))*COS(RADIANS($C$6))*COS(RADIANS($D$6-$C20)))))) -> 0.86365328 | G20: =IF(AND($B20=$C$7,$C20=$D$7),0,MAX(0.25,Assumptions!$B$17+Assumptions!$B$18*3958.8*ACOS(MIN(1,SIN(RADIANS($B20))*SIN(RADIANS($C$7))+COS(RADIANS($B20))*COS(RADIANS($C$7))*COS(RADIANS($D$7-$C20)))))) -> 3.6136876 | H20: =IF(AND($B20=$C$8,$C20=$D$8),0,MAX(0.25,Assumptions!$B$17+Assumptions!$B$18*3958.8*ACOS(MIN(1,SIN(RADIANS($B20))*SIN(RADIANS($C$8))+COS(RADIANS($B20))*COS(RADIANS($C$8))*COS(RADIANS($D$8-$C20)))))) -> 0.89895407 | I20: =IF(AND($B20=$C$9,$C20=$D$9),0,MAX(0.25,Assumptions!$B$17+Assumptions!$B$18*3958.8*ACOS(MIN(1,SIN(RADIANS($B20))*SIN(RADIANS($C$9))+COS(RADIANS($B20))*COS(RADIANS($C$9))*COS(RADIANS($D$9-$C20)))))) -> 2.2142801
A21: Chatsworth | B21: 34.766 | C21: -84.77 | D21: =IF(AND($B21=$C$4,$C21=$D$4),0,MAX(0.25,Assumptions!$B$17+Assumptions!$B$18*3958.8*ACOS(MIN(1,SIN(RADIANS($B21))*SIN(RADIANS($C$4))+COS(RADIANS($B21))*COS(RADIANS($C$4))*COS(RADIANS($D$4-$C21)))))) -> 0.43543856 | E21: =IF(AND($B21=$C$5,$C21=$D$5),0,MAX(0.25,Assumptions!$B$17+Assumptions!$B$18*3958.8*ACOS(MIN(1,SIN(RADIANS($B21))*SIN(RADIANS($C$5))+COS(RADIANS($B21))*COS(RADIANS($C$5))*COS(RADIANS($D$5-$C21)))))) -> 1.3785969 | F21: =IF(AND($B21=$C$6,$C21=$D$6),0,MAX(0.25,Assumptions!$B$17+Assumptions!$B$18*3958.8*ACOS(MIN(1,SIN(RADIANS($B21))*SIN(RADIANS($C$6))+COS(RADIANS($B21))*COS(RADIANS($C$6))*COS(RADIANS($D$6-$C21)))))) -> 1.5390868 | G21: =IF(AND($B21=$C$7,$C21=$D$7),0,MAX(0.25,Assumptions!$B$17+Assumptions!$B$18*3958.8*ACOS(MIN(1,SIN(RADIANS($B21))*SIN(RADIANS($C$7))+COS(RADIANS($B21))*COS(RADIANS($C$7))*COS(RADIANS($D$7-$C21)))))) -> 4.3169838 | H21: =IF(AND($B21=$C$8,$C21=$D$8),0,MAX(0.25,Assumptions!$B$17+Assumptions!$B$18*3958.8*ACOS(MIN(1,SIN(RADIANS($B21))*SIN(RADIANS($C$8))+COS(RADIANS($B21))*COS(RADIANS($C$8))*COS(RADIANS($D$8-$C21)))))) -> 1.5130176 | I21: =IF(AND($B21=$C$9,$C21=$D$9),0,MAX(0.25,Assumptions!$B$17+Assumptions!$B$18*3958.8*ACOS(MIN(1,SIN(RADIANS($B21))*SIN(RADIANS($C$9))+COS(RADIANS($B21))*COS(RADIANS($C$9))*COS(RADIANS($D$9-$C21)))))) -> 2.9435161
A22: College Park | B22: 33.653 | C22: -84.449 | D22: =IF(AND($B22=$C$4,$C22=$D$4),0,MAX(0.25,Assumptions!$B$17+Assumptions!$B$18*3958.8*ACOS(MIN(1,SIN(RADIANS($B22))*SIN(RADIANS($C$4))+COS(RADIANS($B22))*COS(RADIANS($C$4))*COS(RADIANS($D$4-$C22)))))) -> 1.7435574 | E22: =IF(AND($B22=$C$5,$C22=$D$5),0,MAX(0.25,Assumptions!$B$17+Assumptions!$B$18*3958.8*ACOS(MIN(1,SIN(RADIANS($B22))*SIN(RADIANS($C$5))+COS(RADIANS($B22))*COS(RADIANS($C$5))*COS(RADIANS($D$5-$C22)))))) -> 1.2752432 | F22: =IF(AND($B22=$C$6,$C22=$D$6),0,MAX(0.25,Assumptions!$B$17+Assumptions!$B$18*3958.8*ACOS(MIN(1,SIN(RADIANS($B22))*SIN(RADIANS($C$6))+COS(RADIANS($B22))*COS(RADIANS($C$6))*COS(RADIANS($D$6-$C22)))))) -> 0.84587054 | G22: =IF(AND($B22=$C$7,$C22=$D$7),0,MAX(0.25,Assumptions!$B$17+Assumptions!$B$18*3958.8*ACOS(MIN(1,SIN(RADIANS($B22))*SIN(RADIANS($C$7))+COS(RADIANS($B22))*COS(RADIANS($C$7))*COS(RADIANS($D$7-$C22)))))) -> 2.8737948 | H22: =IF(AND($B22=$C$8,$C22=$D$8),0,MAX(0.25,Assumptions!$B$17+Assumptions!$B$18*3958.8*ACOS(MIN(1,SIN(RADIANS($B22))*SIN(RADIANS($C$8))+COS(RADIANS($B22))*COS(RADIANS($C$8))*COS(RADIANS($D$8-$C22)))))) -> 0.56492608 | I22: =IF(AND($B22=$C$9,$C22=$D$9),0,MAX(0.25,Assumptions!$B$17+Assumptions!$B$18*3958.8*ACOS(MIN(1,SIN(RADIANS($B22))*SIN(RADIANS($C$9))+COS(RADIANS($B22))*COS(RADIANS($C$9))*COS(RADIANS($D$9-$C22)))))) -> 1.5713252
A23: Columbus | B23: 32.461 | C23: -84.988 | D23: =IF(AND($B23=$C$4,$C23=$D$4),0,MAX(0.25,Assumptions!$B$17+Assumptions!$B$18*3958.8*ACOS(MIN(1,SIN(RADIANS($B23))*SIN(RADIANS($C$4))+COS(RADIANS($B23))*COS(RADIANS($C$4))*COS(RADIANS($D$4-$C23)))))) -> 3.151698 | E23: =IF(AND($B23=$C$5,$C23=$D$5),0,MAX(0.25,Assumptions!$B$17+Assumptions!$B$18*3958.8*ACOS(MIN(1,SIN(RADIANS($B23))*SIN(RADIANS($C$5))+COS(RADIANS($B23))*COS(RADIANS($C$5))*COS(RADIANS($D$5-$C23)))))) -> 2.8593983 | F23: =IF(AND($B23=$C$6,$C23=$D$6),0,MAX(0.25,Assumptions!$B$17+Assumptions!$B$18*3958.8*ACOS(MIN(1,SIN(RADIANS($B23))*SIN(RADIANS($C$6))+COS(RADIANS($B23))*COS(RADIANS($C$6))*COS(RADIANS($D$6-$C23)))))) -> 2.3970267 | G23: =IF(AND($B23=$C$7,$C23=$D$7),0,MAX(0.25,Assumptions!$B$17+Assumptions!$B$18*3958.8*ACOS(MIN(1,SIN(RADIANS($B23))*SIN(RADIANS($C$7))+COS(RADIANS($B23))*COS(RADIANS($C$7))*COS(RADIANS($D$7-$C23)))))) -> 1.6586581 | H23: =IF(AND($B23=$C$8,$C23=$D$8),0,MAX(0.25,Assumptions!$B$17+Assumptions!$B$18*3958.8*ACOS(MIN(1,SIN(RADIANS($B23))*SIN(RADIANS($C$8))+COS(RADIANS($B23))*COS(RADIANS($C$8))*COS(RADIANS($D$8-$C23)))))) -> 1.8809611 | I23: =IF(AND($B23=$C$9,$C23=$D$9),0,MAX(0.25,Assumptions!$B$17+Assumptions!$B$18*3958.8*ACOS(MIN(1,SIN(RADIANS($B23))*SIN(RADIANS($C$9))+COS(RADIANS($B23))*COS(RADIANS($C$9))*COS(RADIANS($D$9-$C23)))))) -> 1.7512485
... A51: Thomson | B51: 33.471 | C51: -82.504 | D51: =IF(AND($B51=$C$4,$C51=$D$4),0,MAX(0.25,Assumptions!$B$17+Assumptions!$B$18*3958.8*ACOS(MIN(1,SIN(RADIANS($B51))*SIN(RADIANS($C$4))+COS(RADIANS($B51))*COS(RADIANS($C$4))*COS(RADIANS($D$4-$C51)))))) -> 3.2917213 | E51: =IF(AND($B51=$C$5,$C51=$D$5),0,MAX(0.25,Assumptions!$B$17+Assumptions!$B$18*3958.8*ACOS(MIN(1,SIN(RADIANS($B51))*SIN(RADIANS($C$5))+COS(RADIANS($B51))*COS(RADIANS($C$5))*COS(RADIANS($D$5-$C51)))))) -> 1.9659878 | F51: =IF(AND($B51=$C$6,$C51=$D$6),0,MAX(0.25,Assumptions!$B$17+Assumptions!$B$18*3958.8*ACOS(MIN(1,SIN(RADIANS($B51))*SIN(RADIANS($C$6))+COS(RADIANS($B51))*COS(RADIANS($C$6))*COS(RADIANS($D$6-$C51)))))) -> 1.9070105 | G51: =IF(AND($B51=$C$7,$C51=$D$7),0,MAX(0.25,Assumptions!$B$17+Assumptions!$B$18*3958.8*ACOS(MIN(1,SIN(RADIANS($B51))*SIN(RADIANS($C$7))+COS(RADIANS($B51))*COS(RADIANS($C$7))*COS(RADIANS($D$7-$C51)))))) -> 3.2037505 | H51: =IF(AND($B51=$C$8,$C51=$D$8),0,MAX(0.25,Assumptions!$B$17+Assumptions!$B$18*3958.8*ACOS(MIN(1,SIN(RADIANS($B51))*SIN(RADIANS($C$8))+COS(RADIANS($B51))*COS(RADIANS($C$8))*COS(RADIANS($D$8-$C51)))))) -> 2.6194958 | I51: =IF(AND($B51=$C$9,$C51=$D$9),0,MAX(0.25,Assumptions!$B$17+Assumptions!$B$18*3958.8*ACOS(MIN(1,SIN(RADIANS($B51))*SIN(RADIANS($C$9))+COS(RADIANS($B51))*COS(RADIANS($C$9))*COS(RADIANS($D$9-$C51)))))) -> 1.6650125

Sheet Assumptions
A1: Assumptions and levers
A3: Strength blend weights
A4: Weight: avg district points per event | B4: 0.4 | C4: Captures quals, alliance selection, playoffs and awards — what DCMP qualification actually counts.
A5: Weight: qualification win % | B5: 0.25 | C5: Isolates qualification play; less dependent on who picked whom.
A6: Weight: Statbotics EPA (used only where entered) | B6: 0.35 | C6: Most predictive robot-only metric; applied automatically when EPA values are entered on Strength 2026.
A8: Event points model: pts = a + b × ln(1 + k)
A9: a (intercept) | B9: 79.09 | C9: Fitted on 148 2026 team-events (R² 0.81).
A10: b (slope) | B10: -19.575 | C10: k = stronger teams in the field.
A12: DCMP qualification
A13: Estimated cut line (pre-DCMP points) | B13: 50 | C13: 2026: 45th-ranked team had 49–51 pre-DCMP points.
A14: Safe target (pre-DCMP points) | B14: 60 | C14: Cushion for a stronger 2027 field or a rookie surge.
A16: Drive-time estimate: hours = a + b × straight-line miles
A17: a | B17: 0.2273 | C17: Calibrated on 68 routes from the original workbook (RMSE 0.17 h).
A18: b | B18: 0.01833
A20: Planner focus team | B20: 3329 | C20: Change to plan for any team on Forecast 2027.
A22: Attendance model (applied in the build; documented here)
A23: Venue loyalty weight | B23: 3 | C23: Backtest-tuned on 2026.
A24: Drive-hours penalty (per event) | B24: 1
A25: Back-to-back weeks penalty | B25: -1
A26: Four-week gap penalty | B26: -0.25
A28: DCMP qualification risk
A29: Per-event points error (RMSE, 2026 backtest) | B29: 8 | C29: Typical miss of the event-points model on 2026 results.
A30: Correlation of a team's two event errors | B30: -0.31 | C30: Measured on 2026 (partly an artefact of strength using event points).
A31: 2027 robot-strength uncertainty (points per event, SD) | B31: 6 | C31: Assumption: how far a new game can move the team up or down; applies to both events at once.
A32: Cut-line uncertainty (SD, points) | B32: 3 | C32: 2026 cut ~49; allows for a stronger or weaker 2027 district.
A33: Combined SD of pre-DCMP total vs cut | B33: =SQRT(2*B29^2*(1+B30)+(2*B31)^2+B32^2) -> 15.534478 | C33: Formula.
A34: Combined SD of pre-DCMP total | B34: =SQRT(2*B29^2*(1+B30)+(2*B31)^2) -> 15.242047 | C34: Formula; used for the bad-luck (1-in-10) total.
A37: Prediction assumptions in plain terms
A38: Every forecast, points estimate and recommendation in this workbook rests on these assumptions. Numbered items with a lever above can be changed there; the rest are built into the model.
A40: # | B40: Area | C40: Assumption | D40: Basis | E40: If it turns out wrong
A41: 1 | B41: Attendance | C41: Teams pick events mostly by habit: each past visit to a venue adds 3.0 to that event's score, weighted by recency (2026 = 1.0, 2025 = 0.6, 2024 = 0.4, 2023 = 0.25, 2022 = 0.15). | D41: Tuned on a 2026 backtest: 60% of actual event picks matched (64% for the 25 teams with full history) vs 40% for random picks. | E41: Fields shift. Check Fields 2027 and override any team's events on Forecast 2027; densities and the planner update.
A42: 2 | B42: Attendance | C42: Teams avoid driving: each hour of one-way drive to an event subtracts 1.0 from its score. | D42: Same backtest. | E42: Distant events would draw more strong teams than forecast.
A43: 3 | B43: Attendance | C43: Teams avoid back-to-back weeks (−1.0) and slightly avoid a four-week gap (−0.25). | D43: Same backtest; matches common team practice. | E43: Minor changes to which teams pair which events.
A44: 4 | B44: Attendance | C44: Venue history before 2026 is known only for the 27 teams in the original 2026 outlook; all other teams are forecast from 2026 attendance and drive time. | D44: Original workbook history (2022–2025) plus official 2026 results. | E44: Forecasts for teams outside the original 27 are less reliable.
A45: 5 | B45: Attendance | C45: Every event fills to its posted capacity: 30 / 30 / 30 / 29 / 30 = 149 slots for 74 active teams × 2 events. Where an event is over capacity, the teams that lose least by moving are moved. | D45: FIRST 2027 Season Event List (capacities exclude reserve slots). The real lottery is random, not modeled. | E45: Some teams land at different events than shown; reserve slots or rookies change field sizes.
A46: 6 | B46: Attendance | C46: No rookie or returning teams are added, and team 8872 (did not compete in 2026) is excluded. | D46: 2026 PCH roster of 75 teams. | E46: Extra teams make events fuller and waitlists more likely.
A47: 7 | B47: Attendance | C47: Douglasville is a new venue, so no team has history there; its field is forecast from drive time alone. | D47: 2027 is its first year. | E47: Its field is the least certain of the five events.
A48: 8 | B48: Team strength | C48: A team's 2027 strength equals its 2026 strength: a blend of average district points per event (40%) and qualification win rate (25%), each scaled 0–100. Statbotics EPA gets 35% only where entered. | D48: Official 2026 district rankings and event W-L-T records. | E48: A new game (BIOCORE), graduations and new mentors will reshuffle teams. Rankings of options are more reliable than absolute point totals.
A49: 9 | B49: Expected points | C49: District points at an event depend only on how many attending teams are stronger: points = 79.09 − 19.575 × ln(1 + k), where k = stronger teams in the field. | D49: Fitted on all 148 team-events of 2026 (R² 0.81, typical error ±8 points per event). Strength partly contains event points, so the fit is somewhat optimistic. | E49: Totals move up or down, but the order of the options usually holds.
A50: 10 | B50: Expected points | C50: 3329 joining an event does not change who else attends (displacement is not modeled). | D50: Simplification; each event is near capacity. | E50: Small: one team's choice rarely changes a field's top teams.
A51: 11 | B51: Qualification | C51: The DCMP cut is about 50 pre-DCMP district points; 60 is treated as safe. DCMP again takes about 45 teams. | D51: 2026: the 45th-ranked team had 49 pre-DCMP points and 45 teams qualified. | E51: A stronger or larger district raises the cut; the chance columns allow ±3 points.
A52: 12 | B52: Qualification | C52: Only a team's first two district events count toward district points. | D52: Standard FRC district rules; confirm with GeorgiaFIRST. | E52: A third in-district event would add practice, not points.
... A56: 16 | B56: Registration | C56: Event dates, weeks and capacities are as posted on Sep 22, 2026. Registration uses two preference lotteries: Round 1 (first event) Sep 24 – Oct 1 and Round 2 (second event) Oct 15 – 22, 2026, each placing a team at its highest-ranked open event or waitlisting it. | D56: FIRST 2027 Season Event List; FIRST Event Preferencing page and Calendar. | E56: If PCH uses a home-event system or dates change, revisit the lists.
